"","station.id","site","latitude","longitude","elevation.m","sampling.date","visit.type","sampling.year","month","norm.precip","norm.tavg","norm.tavg.sd","norm.tmax","norm.tmax.sd","norm.tmin","norm.tmin.sd"
"205","USC00410433","Williamson_2019_10",30.4144,-97.7664,268.2,"6/19/20","i",2020,1,6.8072,9.5,2.0016,16.11,2.2796,2.94,1.946
"206","USC00410433","Williamson_2019_10",30.4144,-97.7664,268.2,"6/19/20","i",2020,2,3.6322,11.67,2.224,18.33,2.8912,5.06,1.8904
"207","USC00410433","Williamson_2019_10",30.4144,-97.7664,268.2,"6/19/20","i",2020,3,7.747,16.22,1.8904,22.83,1.7792,9.61,2.2796
"208","USC00410433","Williamson_2019_10",30.4144,-97.7664,268.2,"6/19/20","i",2020,4,6.4516,19.61,1.7236,26.22,2.0016,12.94,1.6124
"209","USC00410433","Williamson_2019_10",30.4144,-97.7664,268.2,"6/19/20","i",2020,5,11.9634,23.61,1.2232,29.5,1.6124,17.72,1.2232
"210","USC00410433","Williamson_2019_10",30.4144,-97.7664,268.2,"6/19/20","i",2020,6,8.5598,27.61,1.2788,33.72,1.946,21.5,1.0008
"211","USC00410433","Williamson_2019_10",30.4144,-97.7664,268.2,"6/19/20","i",2020,7,8.763,28.89,1.1676,35.11,1.946,22.72,0.6672
"212","USC00410433","Williamson_2019_10",30.4144,-97.7664,268.2,"6/19/20","i",2020,8,4.8514,29.56,1.112,36.28,1.7236,22.83,0.6672
"213","USC00410433","Williamson_2019_10",30.4144,-97.7664,268.2,"6/19/20","i",2020,9,11.2014,25.94,1.3344,32.17,2.0572,19.72,1.2232
"214","USC00410433","Williamson_2019_10",30.4144,-97.7664,268.2,"6/19/20","i",2020,10,11.1506,20.5,1.0008,27.17,1.5012,13.83,1.1676
"215","USC00410433","Williamson_2019_10",30.4144,-97.7664,268.2,"6/19/20","i",2020,11,4.9276,14.78,1.946,21.17,2.224,8.44,2.0016
"216","USC00410433","Williamson_2019_10",30.4144,-97.7664,268.2,"6/19/20","i",2020,12,6.0198,10.33,1.3344,16.44,1.8348,4.28,1.4456
"217","USC00410433","Williamson_2019_10",30.4144,-97.7664,268.2,"7/18/20","p",2020,1,6.8072,9.5,2.0016,16.11,2.2796,2.94,1.946
"218","USC00410433","Williamson_2019_10",30.4144,-97.7664,268.2,"7/18/20","p",2020,2,3.6322,11.67,2.224,18.33,2.8912,5.06,1.8904
"219","USC00410433","Williamson_2019_10",30.4144,-97.7664,268.2,"7/18/20","p",2020,3,7.747,16.22,1.8904,22.83,1.7792,9.61,2.2796
"220","USC00410433","Williamson_2019_10",30.4144,-97.7664,268.2,"7/18/20","p",2020,4,6.4516,19.61,1.7236,26.22,2.0016,12.94,1.6124
"221","USC00410433","Williamson_2019_10",30.4144,-97.7664,268.2,"7/18/20","p",2020,5,11.9634,23.61,1.2232,29.5,1.6124,17.72,1.2232
"222","USC00410433","Williamson_2019_10",30.4144,-97.7664,268.2,"7/18/20","p",2020,6,8.5598,27.61,1.2788,33.72,1.946,21.5,1.0008
"223","USC00410433","Williamson_2019_10",30.4144,-97.7664,268.2,"7/18/20","p",2020,7,8.763,28.89,1.1676,35.11,1.946,22.72,0.6672
"224","USC00410433","Williamson_2019_10",30.4144,-97.7664,268.2,"7/18/20","p",2020,8,4.8514,29.56,1.112,36.28,1.7236,22.83,0.6672
"225","USC00410433","Williamson_2019_10",30.4144,-97.7664,268.2,"7/18/20","p",2020,9,11.2014,25.94,1.3344,32.17,2.0572,19.72,1.2232
"226","USC00410433","Williamson_2019_10",30.4144,-97.7664,268.2,"7/18/20","p",2020,10,11.1506,20.5,1.0008,27.17,1.5012,13.83,1.1676
"227","USC00410433","Williamson_2019_10",30.4144,-97.7664,268.2,"7/18/20","p",2020,11,4.9276,14.78,1.946,21.17,2.224,8.44,2.0016
"228","USC00410433","Williamson_2019_10",30.4144,-97.7664,268.2,"7/18/20","p",2020,12,6.0198,10.33,1.3344,16.44,1.8348,4.28,1.4456
"37","USC00410832","Blanco_2019_16",30.095,-98.4142,399.3,"6/17/20","i",2020,1,5.8674,8.44,1.8904,15.5,2.224,1.33,1.8904
"38","USC00410832","Blanco_2019_16",30.095,-98.4142,399.3,"6/17/20","i",2020,2,3.556,10.72,1.946,17.72,2.502,3.72,2.0572
"39","USC00410832","Blanco_2019_16",30.095,-98.4142,399.3,"6/17/20","i",2020,3,7.1374,15.22,1.7792,22,1.6124,8.5,2.3908
"40","USC00410832","Blanco_2019_16",30.095,-98.4142,399.3,"6/17/20","i",2020,4,7.2898,18.56,2.1684,25.61,2.2796,11.5,2.3352
"41","USC00410832","Blanco_2019_16",30.095,-98.4142,399.3,"6/17/20","i",2020,5,15.6464,22.44,1.0008,28.61,1.6124,16.22,1.5568
"42","USC00410832","Blanco_2019_16",30.095,-98.4142,399.3,"6/17/20","i",2020,6,5.334,26.44,1.0008,32.44,1.668,20.39,0.9452
"43","USC00410832","Blanco_2019_16",30.095,-98.4142,399.3,"6/17/20","i",2020,7,4.4196,27.78,1.112,34.06,1.946,21.5,0.8896
"44","USC00410832","Blanco_2019_16",30.095,-98.4142,399.3,"6/17/20","i",2020,8,4.7498,28.22,0.8896,35.11,1.668,21.33,0.5004
"45","USC00410832","Blanco_2019_16",30.095,-98.4142,399.3,"6/17/20","i",2020,9,11.176,24.61,1.39,31.39,1.7236,17.83,1.946
"46","USC00410832","Blanco_2019_16",30.095,-98.4142,399.3,"6/17/20","i",2020,10,8.7376,19.44,0.9452,26.5,1.4456,12.33,1.39
"47","USC00410832","Blanco_2019_16",30.095,-98.4142,399.3,"6/17/20","i",2020,11,5.2324,14,1.8904,20.94,2.1684,7.06,1.946
"48","USC00410832","Blanco_2019_16",30.095,-98.4142,399.3,"6/17/20","i",2020,12,4.5212,9.61,1.3344,16.5,2.1684,2.78,1.7236
"349","USC00410832","Comal_2020_19",30.095,-98.4142,399.3,"5/26/21","i",2021,1,5.8674,8.44,1.8904,15.5,2.224,1.33,1.8904
"350","USC00410832","Comal_2020_19",30.095,-98.4142,399.3,"5/26/21","i",2021,2,3.556,10.72,1.946,17.72,2.502,3.72,2.0572
"351","USC00410832","Comal_2020_19",30.095,-98.4142,399.3,"5/26/21","i",2021,3,7.1374,15.22,1.7792,22,1.6124,8.5,2.3908
"352","USC00410832","Comal_2020_19",30.095,-98.4142,399.3,"5/26/21","i",2021,4,7.2898,18.56,2.1684,25.61,2.2796,11.5,2.3352
"353","USC00410832","Comal_2020_19",30.095,-98.4142,399.3,"5/26/21","i",2021,5,15.6464,22.44,1.0008,28.61,1.6124,16.22,1.5568
"354","USC00410832","Comal_2020_19",30.095,-98.4142,399.3,"5/26/21","i",2021,6,5.334,26.44,1.0008,32.44,1.668,20.39,0.9452
"355","USC00410832","Comal_2020_19",30.095,-98.4142,399.3,"5/26/21","i",2021,7,4.4196,27.78,1.112,34.06,1.946,21.5,0.8896
"356","USC00410832","Comal_2020_19",30.095,-98.4142,399.3,"5/26/21","i",2021,8,4.7498,28.22,0.8896,35.11,1.668,21.33,0.5004
"357","USC00410832","Comal_2020_19",30.095,-98.4142,399.3,"5/26/21","i",2021,9,11.176,24.61,1.39,31.39,1.7236,17.83,1.946
"358","USC00410832","Comal_2020_19",30.095,-98.4142,399.3,"5/26/21","i",2021,10,8.7376,19.44,0.9452,26.5,1.4456,12.33,1.39
"359","USC00410832","Comal_2020_19",30.095,-98.4142,399.3,"5/26/21","i",2021,11,5.2324,14,1.8904,20.94,2.1684,7.06,1.946
"360","USC00410832","Comal_2020_19",30.095,-98.4142,399.3,"5/26/21","i",2021,12,4.5212,9.61,1.3344,16.5,2.1684,2.78,1.7236
"445","USC00411013","Uvalde_2020_02",29.61,-100.4519,536.4,"5/24/21","i",2021,1,2.5146,9.33,1.8348,16.83,2.4464,1.89,1.6124
"446","USC00411013","Uvalde_2020_02",29.61,-100.4519,536.4,"5/24/21","i",2021,2,2.0574,12.06,1.668,19.67,2.3352,4.39,1.5012
"447","USC00411013","Uvalde_2020_02",29.61,-100.4519,536.4,"5/24/21","i",2021,3,5.0038,16.39,1.946,23.56,2.0016,9.22,2.4464
"448","USC00411013","Uvalde_2020_02",29.61,-100.4519,536.4,"5/24/21","i",2021,4,3.7846,19.89,1.5568,27.28,2.2796,12.56,1.4456
"449","USC00411013","Uvalde_2020_02",29.61,-100.4519,536.4,"5/24/21","i",2021,5,11.3792,23.5,1.2788,29.72,2.3352,17.28,0.7784
"450","USC00411013","Uvalde_2020_02",29.61,-100.4519,536.4,"5/24/21","i",2021,6,5.6896,27,1.3344,33.22,2.2796,20.78,0.6672
"451","USC00411013","Uvalde_2020_02",29.61,-100.4519,536.4,"5/24/21","i",2021,7,5.7912,28.06,1.2788,34.28,2.1128,21.89,0.7228
"452","USC00411013","Uvalde_2020_02",29.61,-100.4519,536.4,"5/24/21","i",2021,8,5.1054,28.56,0.9452,35,1.4456,22.11,0.556
"453","USC00411013","Uvalde_2020_02",29.61,-100.4519,536.4,"5/24/21","i",2021,9,9.398,25.11,0.9452,31.39,1.5568,18.83,1.1676
"454","USC00411013","Uvalde_2020_02",29.61,-100.4519,536.4,"5/24/21","i",2021,10,5.588,20.33,0.7784,27.06,1.4456,13.56,1.1676
"455","USC00411013","Uvalde_2020_02",29.61,-100.4519,536.4,"5/24/21","i",2021,11,2.4638,14.72,1.8348,21.67,2.3352,7.72,1.8904
"456","USC00411013","Uvalde_2020_02",29.61,-100.4519,536.4,"5/24/21","i",2021,12,2.8194,10.06,1.2788,17.44,2.224,2.72,1.8348
"169","USC00411013","Uvalde_2020_02",29.61,-100.4519,536.4,"6/15/20","i",2020,1,2.5146,9.33,1.8348,16.83,2.4464,1.89,1.6124
"170","USC00411013","Uvalde_2020_02",29.61,-100.4519,536.4,"6/15/20","i",2020,2,2.0574,12.06,1.668,19.67,2.3352,4.39,1.5012
"171","USC00411013","Uvalde_2020_02",29.61,-100.4519,536.4,"6/15/20","i",2020,3,5.0038,16.39,1.946,23.56,2.0016,9.22,2.4464
"172","USC00411013","Uvalde_2020_02",29.61,-100.4519,536.4,"6/15/20","i",2020,4,3.7846,19.89,1.5568,27.28,2.2796,12.56,1.4456
"173","USC00411013","Uvalde_2020_02",29.61,-100.4519,536.4,"6/15/20","i",2020,5,11.3792,23.5,1.2788,29.72,2.3352,17.28,0.7784
"174","USC00411013","Uvalde_2020_02",29.61,-100.4519,536.4,"6/15/20","i",2020,6,5.6896,27,1.3344,33.22,2.2796,20.78,0.6672
"175","USC00411013","Uvalde_2020_02",29.61,-100.4519,536.4,"6/15/20","i",2020,7,5.7912,28.06,1.2788,34.28,2.1128,21.89,0.7228
"176","USC00411013","Uvalde_2020_02",29.61,-100.4519,536.4,"6/15/20","i",2020,8,5.1054,28.56,0.9452,35,1.4456,22.11,0.556
"177","USC00411013","Uvalde_2020_02",29.61,-100.4519,536.4,"6/15/20","i",2020,9,9.398,25.11,0.9452,31.39,1.5568,18.83,1.1676
"178","USC00411013","Uvalde_2020_02",29.61,-100.4519,536.4,"6/15/20","i",2020,10,5.588,20.33,0.7784,27.06,1.4456,13.56,1.1676
"179","USC00411013","Uvalde_2020_02",29.61,-100.4519,536.4,"6/15/20","i",2020,11,2.4638,14.72,1.8348,21.67,2.3352,7.72,1.8904
"180","USC00411013","Uvalde_2020_02",29.61,-100.4519,536.4,"6/15/20","i",2020,12,2.8194,10.06,1.2788,17.44,2.224,2.72,1.8348
"457","USC00411013","Uvalde_2020_02",29.61,-100.4519,536.4,"6/28/21","p",2021,1,2.5146,9.33,1.8348,16.83,2.4464,1.89,1.6124
"458","USC00411013","Uvalde_2020_02",29.61,-100.4519,536.4,"6/28/21","p",2021,2,2.0574,12.06,1.668,19.67,2.3352,4.39,1.5012
"459","USC00411013","Uvalde_2020_02",29.61,-100.4519,536.4,"6/28/21","p",2021,3,5.0038,16.39,1.946,23.56,2.0016,9.22,2.4464
"460","USC00411013","Uvalde_2020_02",29.61,-100.4519,536.4,"6/28/21","p",2021,4,3.7846,19.89,1.5568,27.28,2.2796,12.56,1.4456
"461","USC00411013","Uvalde_2020_02",29.61,-100.4519,536.4,"6/28/21","p",2021,5,11.3792,23.5,1.2788,29.72,2.3352,17.28,0.7784
"462","USC00411013","Uvalde_2020_02",29.61,-100.4519,536.4,"6/28/21","p",2021,6,5.6896,27,1.3344,33.22,2.2796,20.78,0.6672
"463","USC00411013","Uvalde_2020_02",29.61,-100.4519,536.4,"6/28/21","p",2021,7,5.7912,28.06,1.2788,34.28,2.1128,21.89,0.7228
"464","USC00411013","Uvalde_2020_02",29.61,-100.4519,536.4,"6/28/21","p",2021,8,5.1054,28.56,0.9452,35,1.4456,22.11,0.556
"465","USC00411013","Uvalde_2020_02",29.61,-100.4519,536.4,"6/28/21","p",2021,9,9.398,25.11,0.9452,31.39,1.5568,18.83,1.1676
"466","USC00411013","Uvalde_2020_02",29.61,-100.4519,536.4,"6/28/21","p",2021,10,5.588,20.33,0.7784,27.06,1.4456,13.56,1.1676
"467","USC00411013","Uvalde_2020_02",29.61,-100.4519,536.4,"6/28/21","p",2021,11,2.4638,14.72,1.8348,21.67,2.3352,7.72,1.8904
"468","USC00411013","Uvalde_2020_02",29.61,-100.4519,536.4,"6/28/21","p",2021,12,2.8194,10.06,1.2788,17.44,2.224,2.72,1.8348
"181","USC00411013","Uvalde_2020_02",29.61,-100.4519,536.4,"7/20/20","p",2020,1,2.5146,9.33,1.8348,16.83,2.4464,1.89,1.6124
"182","USC00411013","Uvalde_2020_02",29.61,-100.4519,536.4,"7/20/20","p",2020,2,2.0574,12.06,1.668,19.67,2.3352,4.39,1.5012
"183","USC00411013","Uvalde_2020_02",29.61,-100.4519,536.4,"7/20/20","p",2020,3,5.0038,16.39,1.946,23.56,2.0016,9.22,2.4464
"184","USC00411013","Uvalde_2020_02",29.61,-100.4519,536.4,"7/20/20","p",2020,4,3.7846,19.89,1.5568,27.28,2.2796,12.56,1.4456
"185","USC00411013","Uvalde_2020_02",29.61,-100.4519,536.4,"7/20/20","p",2020,5,11.3792,23.5,1.2788,29.72,2.3352,17.28,0.7784
"186","USC00411013","Uvalde_2020_02",29.61,-100.4519,536.4,"7/20/20","p",2020,6,5.6896,27,1.3344,33.22,2.2796,20.78,0.6672
"187","USC00411013","Uvalde_2020_02",29.61,-100.4519,536.4,"7/20/20","p",2020,7,5.7912,28.06,1.2788,34.28,2.1128,21.89,0.7228
"188","USC00411013","Uvalde_2020_02",29.61,-100.4519,536.4,"7/20/20","p",2020,8,5.1054,28.56,0.9452,35,1.4456,22.11,0.556
"189","USC00411013","Uvalde_2020_02",29.61,-100.4519,536.4,"7/20/20","p",2020,9,9.398,25.11,0.9452,31.39,1.5568,18.83,1.1676
"190","USC00411013","Uvalde_2020_02",29.61,-100.4519,536.4,"7/20/20","p",2020,10,5.588,20.33,0.7784,27.06,1.4456,13.56,1.1676
"191","USC00411013","Uvalde_2020_02",29.61,-100.4519,536.4,"7/20/20","p",2020,11,2.4638,14.72,1.8348,21.67,2.3352,7.72,1.8904
"192","USC00411013","Uvalde_2020_02",29.61,-100.4519,536.4,"7/20/20","p",2020,12,2.8194,10.06,1.2788,17.44,2.224,2.72,1.8348
"121","USC00411017","Menard_2020_01",31.1444,-99.3492,521.5,"6/16/20","i",2020,1,3.6068,8.11,1.946,14.72,2.4464,1.5,1.7792
"122","USC00411017","Menard_2020_01",31.1444,-99.3492,521.5,"6/16/20","i",2020,2,3.7592,10.44,2.1684,17.28,2.8356,3.56,1.8904
"123","USC00411017","Menard_2020_01",31.1444,-99.3492,521.5,"6/16/20","i",2020,3,6.3246,15.17,1.8348,21.94,1.8348,8.44,2.3908
"124","USC00411017","Menard_2020_01",31.1444,-99.3492,521.5,"6/16/20","i",2020,4,6.0452,18.89,1.668,25.61,2.1128,12.11,1.6124
"125","USC00411017","Menard_2020_01",31.1444,-99.3492,521.5,"6/16/20","i",2020,5,11.2014,23,1.0564,28.67,1.6124,17.28,1.112
"126","USC00411017","Menard_2020_01",31.1444,-99.3492,521.5,"6/16/20","i",2020,6,6.2738,27.06,1.2232,33,1.6124,21.06,1.0008
"127","USC00411017","Menard_2020_01",31.1444,-99.3492,521.5,"6/16/20","i",2020,7,5.0546,28.28,1.2788,34.33,1.7236,22.17,0.9452
"128","USC00411017","Menard_2020_01",31.1444,-99.3492,521.5,"6/16/20","i",2020,8,5.1816,28.72,1.2788,34.89,1.7236,22.56,0.9452
"129","USC00411017","Menard_2020_01",31.1444,-99.3492,521.5,"6/16/20","i",2020,9,6.9088,24.72,1.39,30.5,1.946,18.89,1.2232
"130","USC00411017","Menard_2020_01",31.1444,-99.3492,521.5,"6/16/20","i",2020,10,6.35,19.39,1.3344,26.06,1.946,12.67,1.2232
"131","USC00411017","Menard_2020_01",31.1444,-99.3492,521.5,"6/16/20","i",2020,11,3.3274,13.89,1.7236,20.39,2.1128,7.39,1.7236
"132","USC00411017","Menard_2020_01",31.1444,-99.3492,521.5,"6/16/20","i",2020,12,3.5306,9.06,1.4456,15.61,1.946,2.5,1.5012
"133","USC00411017","Menard_2020_01",31.1444,-99.3492,521.5,"7/21/20","p",2020,1,3.6068,8.11,1.946,14.72,2.4464,1.5,1.7792
"134","USC00411017","Menard_2020_01",31.1444,-99.3492,521.5,"7/21/20","p",2020,2,3.7592,10.44,2.1684,17.28,2.8356,3.56,1.8904
"135","USC00411017","Menard_2020_01",31.1444,-99.3492,521.5,"7/21/20","p",2020,3,6.3246,15.17,1.8348,21.94,1.8348,8.44,2.3908
"136","USC00411017","Menard_2020_01",31.1444,-99.3492,521.5,"7/21/20","p",2020,4,6.0452,18.89,1.668,25.61,2.1128,12.11,1.6124
"137","USC00411017","Menard_2020_01",31.1444,-99.3492,521.5,"7/21/20","p",2020,5,11.2014,23,1.0564,28.67,1.6124,17.28,1.112
"138","USC00411017","Menard_2020_01",31.1444,-99.3492,521.5,"7/21/20","p",2020,6,6.2738,27.06,1.2232,33,1.6124,21.06,1.0008
"139","USC00411017","Menard_2020_01",31.1444,-99.3492,521.5,"7/21/20","p",2020,7,5.0546,28.28,1.2788,34.33,1.7236,22.17,0.9452
"140","USC00411017","Menard_2020_01",31.1444,-99.3492,521.5,"7/21/20","p",2020,8,5.1816,28.72,1.2788,34.89,1.7236,22.56,0.9452
"141","USC00411017","Menard_2020_01",31.1444,-99.3492,521.5,"7/21/20","p",2020,9,6.9088,24.72,1.39,30.5,1.946,18.89,1.2232
"142","USC00411017","Menard_2020_01",31.1444,-99.3492,521.5,"7/21/20","p",2020,10,6.35,19.39,1.3344,26.06,1.946,12.67,1.2232
"143","USC00411017","Menard_2020_01",31.1444,-99.3492,521.5,"7/21/20","p",2020,11,3.3274,13.89,1.7236,20.39,2.1128,7.39,1.7236
"144","USC00411017","Menard_2020_01",31.1444,-99.3492,521.5,"7/21/20","p",2020,12,3.5306,9.06,1.4456,15.61,1.946,2.5,1.5012
"433","USC00411017","Menard_2020_01",31.1444,-99.3492,521.5,"9/30/21","i",2021,1,3.6068,8.11,1.946,14.72,2.4464,1.5,1.7792
"434","USC00411017","Menard_2020_01",31.1444,-99.3492,521.5,"9/30/21","i",2021,2,3.7592,10.44,2.1684,17.28,2.8356,3.56,1.8904
"435","USC00411017","Menard_2020_01",31.1444,-99.3492,521.5,"9/30/21","i",2021,3,6.3246,15.17,1.8348,21.94,1.8348,8.44,2.3908
"436","USC00411017","Menard_2020_01",31.1444,-99.3492,521.5,"9/30/21","i",2021,4,6.0452,18.89,1.668,25.61,2.1128,12.11,1.6124
"437","USC00411017","Menard_2020_01",31.1444,-99.3492,521.5,"9/30/21","i",2021,5,11.2014,23,1.0564,28.67,1.6124,17.28,1.112
"438","USC00411017","Menard_2020_01",31.1444,-99.3492,521.5,"9/30/21","i",2021,6,6.2738,27.06,1.2232,33,1.6124,21.06,1.0008
"439","USC00411017","Menard_2020_01",31.1444,-99.3492,521.5,"9/30/21","i",2021,7,5.0546,28.28,1.2788,34.33,1.7236,22.17,0.9452
"440","USC00411017","Menard_2020_01",31.1444,-99.3492,521.5,"9/30/21","i",2021,8,5.1816,28.72,1.2788,34.89,1.7236,22.56,0.9452
"441","USC00411017","Menard_2020_01",31.1444,-99.3492,521.5,"9/30/21","i",2021,9,6.9088,24.72,1.39,30.5,1.946,18.89,1.2232
"442","USC00411017","Menard_2020_01",31.1444,-99.3492,521.5,"9/30/21","i",2021,10,6.35,19.39,1.3344,26.06,1.946,12.67,1.2232
"443","USC00411017","Menard_2020_01",31.1444,-99.3492,521.5,"9/30/21","i",2021,11,3.3274,13.89,1.7236,20.39,2.1128,7.39,1.7236
"444","USC00411017","Menard_2020_01",31.1444,-99.3492,521.5,"9/30/21","i",2021,12,3.5306,9.06,1.4456,15.61,1.946,2.5,1.5012
"85","USC00411048","Fayette_2019_04",30.1592,-96.3972,95.4,"6/20/20","i",2020,1,9.4234,10.17,2.1684,16.22,2.3908,4.06,2.1128
"86","USC00411048","Fayette_2019_04",30.1592,-96.3972,95.4,"6/20/20","i",2020,2,8.0264,12.28,2.2796,18.39,2.7244,6.11,2.224
"87","USC00411048","Fayette_2019_04",30.1592,-96.3972,95.4,"6/20/20","i",2020,3,10.7696,16.5,2.2796,22.56,2.0016,10.39,2.6688
"88","USC00411048","Fayette_2019_04",30.1592,-96.3972,95.4,"6/20/20","i",2020,4,10.033,19.78,1.668,25.94,1.7792,13.61,1.7236
"89","USC00411048","Fayette_2019_04",30.1592,-96.3972,95.4,"6/20/20","i",2020,5,16.1036,23.83,1.0008,29.33,1.1676,18.33,1.2232
"90","USC00411048","Fayette_2019_04",30.1592,-96.3972,95.4,"6/20/20","i",2020,6,9.1694,27.56,0.9452,33.11,1.39,22.06,1.0008
"91","USC00411048","Fayette_2019_04",30.1592,-96.3972,95.4,"6/20/20","i",2020,7,7.0866,28.72,1.0564,34.11,1.6124,23.33,0.7228
"92","USC00411048","Fayette_2019_04",30.1592,-96.3972,95.4,"6/20/20","i",2020,8,10.0838,29.33,1.0008,35.17,1.5012,23.5,0.6672
"93","USC00411048","Fayette_2019_04",30.1592,-96.3972,95.4,"6/20/20","i",2020,9,9.779,26.22,1.2232,32,1.6124,20.5,1.5012
"94","USC00411048","Fayette_2019_04",30.1592,-96.3972,95.4,"6/20/20","i",2020,10,10.8458,21,0.9452,27.61,1.3344,14.33,1.2232
"95","USC00411048","Fayette_2019_04",30.1592,-96.3972,95.4,"6/20/20","i",2020,11,9.2456,15.56,1.8904,21.89,2.1128,9.22,1.8348
"96","USC00411048","Fayette_2019_04",30.1592,-96.3972,95.4,"6/20/20","i",2020,12,9.1948,11.39,1.6124,17.39,2.1128,5.39,1.7792
"313","USC00411250","Burnet_2020_12",30.7586,-98.2339,391.7,"5/27/21","i",2021,1,4.953,7.78,2.0572,14.83,2.6132,0.72,1.8904
"314","USC00411250","Burnet_2020_12",30.7586,-98.2339,391.7,"5/27/21","i",2021,2,3.5052,10.11,2.224,17,2.8356,3.17,1.8904
"315","USC00411250","Burnet_2020_12",30.7586,-98.2339,391.7,"5/27/21","i",2021,3,7.5438,14.94,1.946,21.89,1.7236,8,2.502
"316","USC00411250","Burnet_2020_12",30.7586,-98.2339,391.7,"5/27/21","i",2021,4,5.969,18.67,1.6124,25.78,1.8904,11.5,1.6124
"317","USC00411250","Burnet_2020_12",30.7586,-98.2339,391.7,"5/27/21","i",2021,5,11.9126,22.78,1.0008,29,1.4456,16.61,1.112
"318","USC00411250","Burnet_2020_12",30.7586,-98.2339,391.7,"5/27/21","i",2021,6,5.9182,27.11,0.9452,33.22,1.4456,20.94,0.7228
"319","USC00411250","Burnet_2020_12",30.7586,-98.2339,391.7,"5/27/21","i",2021,7,5.4356,28.67,1.2788,35.22,1.7792,22.11,0.9452
"320","USC00411250","Burnet_2020_12",30.7586,-98.2339,391.7,"5/27/21","i",2021,8,6.731,28.89,1.1676,35.78,1.8348,22,0.7784
"321","USC00411250","Burnet_2020_12",30.7586,-98.2339,391.7,"5/27/21","i",2021,9,9.144,24.72,1.39,31.22,2.0572,18.22,1.5012
"322","USC00411250","Burnet_2020_12",30.7586,-98.2339,391.7,"5/27/21","i",2021,10,9.017,19,1.0564,26.06,1.5012,11.89,1.39
"323","USC00411250","Burnet_2020_12",30.7586,-98.2339,391.7,"5/27/21","i",2021,11,4.8514,13.56,1.8904,20.06,1.946,7.06,2.1684
"324","USC00411250","Burnet_2020_12",30.7586,-98.2339,391.7,"5/27/21","i",2021,12,3.683,8.67,1.39,15.44,2.0016,1.89,1.7236
"325","USC00411250","Burnet_2020_12",30.7586,-98.2339,391.7,"6/26/21","p",2021,1,4.953,7.78,2.0572,14.83,2.6132,0.72,1.8904
"326","USC00411250","Burnet_2020_12",30.7586,-98.2339,391.7,"6/26/21","p",2021,2,3.5052,10.11,2.224,17,2.8356,3.17,1.8904
"327","USC00411250","Burnet_2020_12",30.7586,-98.2339,391.7,"6/26/21","p",2021,3,7.5438,14.94,1.946,21.89,1.7236,8,2.502
"328","USC00411250","Burnet_2020_12",30.7586,-98.2339,391.7,"6/26/21","p",2021,4,5.969,18.67,1.6124,25.78,1.8904,11.5,1.6124
"329","USC00411250","Burnet_2020_12",30.7586,-98.2339,391.7,"6/26/21","p",2021,5,11.9126,22.78,1.0008,29,1.4456,16.61,1.112
"330","USC00411250","Burnet_2020_12",30.7586,-98.2339,391.7,"6/26/21","p",2021,6,5.9182,27.11,0.9452,33.22,1.4456,20.94,0.7228
"331","USC00411250","Burnet_2020_12",30.7586,-98.2339,391.7,"6/26/21","p",2021,7,5.4356,28.67,1.2788,35.22,1.7792,22.11,0.9452
"332","USC00411250","Burnet_2020_12",30.7586,-98.2339,391.7,"6/26/21","p",2021,8,6.731,28.89,1.1676,35.78,1.8348,22,0.7784
"333","USC00411250","Burnet_2020_12",30.7586,-98.2339,391.7,"6/26/21","p",2021,9,9.144,24.72,1.39,31.22,2.0572,18.22,1.5012
"334","USC00411250","Burnet_2020_12",30.7586,-98.2339,391.7,"6/26/21","p",2021,10,9.017,19,1.0564,26.06,1.5012,11.89,1.39
"335","USC00411250","Burnet_2020_12",30.7586,-98.2339,391.7,"6/26/21","p",2021,11,4.8514,13.56,1.8904,20.06,1.946,7.06,2.1684
"336","USC00411250","Burnet_2020_12",30.7586,-98.2339,391.7,"6/26/21","p",2021,12,3.683,8.67,1.39,15.44,2.0016,1.89,1.7236
"61","USC00411429","Comal_2020_21",29.8608,-98.1958,304.8,"6/17/20","i",2020,1,6.7056,10.17,2.0572,16.28,2.4464,4.11,1.8904
"62","USC00411429","Comal_2020_21",29.8608,-98.1958,304.8,"6/17/20","i",2020,2,3.3274,12.33,2.3908,18.56,2.78,6.06,2.224
"63","USC00411429","Comal_2020_21",29.8608,-98.1958,304.8,"6/17/20","i",2020,3,7.2898,16.61,1.8904,22.72,1.7236,10.5,2.3908
"64","USC00411429","Comal_2020_21",29.8608,-98.1958,304.8,"6/17/20","i",2020,4,6.6294,20.06,1.5568,26.33,2.0016,13.78,1.5568
"65","USC00411429","Comal_2020_21",29.8608,-98.1958,304.8,"6/17/20","i",2020,5,13.1318,24.17,1.1676,29.83,1.7792,18.5,0.9452
"66","USC00411429","Comal_2020_21",29.8608,-98.1958,304.8,"6/17/20","i",2020,6,7.239,27.72,1.2232,33.5,1.7792,21.89,0.7784
"67","USC00411429","Comal_2020_21",29.8608,-98.1958,304.8,"6/17/20","i",2020,7,7.0104,28.78,1.2788,34.83,2.0572,22.72,0.834
"68","USC00411429","Comal_2020_21",29.8608,-98.1958,304.8,"6/17/20","i",2020,8,5.1054,29.44,1.112,35.83,1.7792,23.11,0.6116
"69","USC00411429","Comal_2020_21",29.8608,-98.1958,304.8,"6/17/20","i",2020,9,11.4046,26.17,1.2232,31.94,1.8348,20.44,1.0008
"70","USC00411429","Comal_2020_21",29.8608,-98.1958,304.8,"6/17/20","i",2020,10,10.414,21.22,1.0008,27.56,1.6124,14.94,0.7784
"71","USC00411429","Comal_2020_21",29.8608,-98.1958,304.8,"6/17/20","i",2020,11,4.953,15.83,2.1128,21.72,2.3908,9.94,2.0016
"72","USC00411429","Comal_2020_21",29.8608,-98.1958,304.8,"6/17/20","i",2020,12,4.826,11.28,1.4456,17.11,2.0016,5.44,1.4456
"409","USC00411429","Hays_2021_54",29.8608,-98.1958,304.8,"5/26/21","i",2021,1,6.7056,10.17,2.0572,16.28,2.4464,4.11,1.8904
"410","USC00411429","Hays_2021_54",29.8608,-98.1958,304.8,"5/26/21","i",2021,2,3.3274,12.33,2.3908,18.56,2.78,6.06,2.224
"411","USC00411429","Hays_2021_54",29.8608,-98.1958,304.8,"5/26/21","i",2021,3,7.2898,16.61,1.8904,22.72,1.7236,10.5,2.3908
"412","USC00411429","Hays_2021_54",29.8608,-98.1958,304.8,"5/26/21","i",2021,4,6.6294,20.06,1.5568,26.33,2.0016,13.78,1.5568
"413","USC00411429","Hays_2021_54",29.8608,-98.1958,304.8,"5/26/21","i",2021,5,13.1318,24.17,1.1676,29.83,1.7792,18.5,0.9452
"414","USC00411429","Hays_2021_54",29.8608,-98.1958,304.8,"5/26/21","i",2021,6,7.239,27.72,1.2232,33.5,1.7792,21.89,0.7784
"415","USC00411429","Hays_2021_54",29.8608,-98.1958,304.8,"5/26/21","i",2021,7,7.0104,28.78,1.2788,34.83,2.0572,22.72,0.834
"416","USC00411429","Hays_2021_54",29.8608,-98.1958,304.8,"5/26/21","i",2021,8,5.1054,29.44,1.112,35.83,1.7792,23.11,0.6116
"417","USC00411429","Hays_2021_54",29.8608,-98.1958,304.8,"5/26/21","i",2021,9,11.4046,26.17,1.2232,31.94,1.8348,20.44,1.0008
"418","USC00411429","Hays_2021_54",29.8608,-98.1958,304.8,"5/26/21","i",2021,10,10.414,21.22,1.0008,27.56,1.6124,14.94,0.7784
"419","USC00411429","Hays_2021_54",29.8608,-98.1958,304.8,"5/26/21","i",2021,11,4.953,15.83,2.1128,21.72,2.3908,9.94,2.0016
"420","USC00411429","Hays_2021_54",29.8608,-98.1958,304.8,"5/26/21","i",2021,12,4.826,11.28,1.4456,17.11,2.0016,5.44,1.4456
"361","USC00411911","Fayette_2020_19",29.6989,-96.5731,68.6,"5/29/21","i",2021,1,8.9154,10.89,2.0016,17.33,2.6132,4.5,2.0016
"362","USC00411911","Fayette_2020_19",29.6989,-96.5731,68.6,"5/29/21","i",2021,2,5.7404,13.5,2.4464,19.78,3.0024,7.28,2.5576
"363","USC00411911","Fayette_2020_19",29.6989,-96.5731,68.6,"5/29/21","i",2021,3,8.8646,17.56,2.1684,23.83,2.0572,11.28,2.5576
"364","USC00411911","Fayette_2020_19",29.6989,-96.5731,68.6,"5/29/21","i",2021,4,9.2964,20.67,1.5012,27,2.0016,14.39,1.39
"365","USC00411911","Fayette_2020_19",29.6989,-96.5731,68.6,"5/29/21","i",2021,5,12.5222,24.83,1.0564,30.56,1.5012,19.17,1.5568
"366","USC00411911","Fayette_2020_19",29.6989,-96.5731,68.6,"5/29/21","i",2021,6,9.1948,28.33,0.9452,34.22,1.39,22.44,1.5012
"367","USC00411911","Fayette_2020_19",29.6989,-96.5731,68.6,"5/29/21","i",2021,7,8.128,29.33,1.2788,35.33,1.668,23.39,1.39
"368","USC00411911","Fayette_2020_19",29.6989,-96.5731,68.6,"5/29/21","i",2021,8,9.1186,30.17,1.112,36.83,1.6124,23.5,1.2788
"369","USC00411911","Fayette_2020_19",29.6989,-96.5731,68.6,"5/29/21","i",2021,9,8.6868,27.11,1.39,33.39,1.7792,20.83,2.0572
"370","USC00411911","Fayette_2020_19",29.6989,-96.5731,68.6,"5/29/21","i",2021,10,9.9568,22.33,1.3344,29.39,1.5568,15.33,2.2796
"371","USC00411911","Fayette_2020_19",29.6989,-96.5731,68.6,"5/29/21","i",2021,11,7.874,16.83,2.224,23.5,2.6132,10.22,2.3352
"372","USC00411911","Fayette_2020_19",29.6989,-96.5731,68.6,"5/29/21","i",2021,12,7.5692,12.61,1.5568,18.78,2.2796,6.44,1.8904
"229","USC00412676","Austin_2020_03",29.6211,-96.3661,53.6,"5/29/21","i",2021,1,8.763,10.78,NA,17.11,NA,4.44,NA
"230","USC00412676","Austin_2020_03",29.6211,-96.3661,53.6,"5/29/21","i",2021,2,4.953,13.11,NA,19.39,NA,6.78,NA
"231","USC00412676","Austin_2020_03",29.6211,-96.3661,53.6,"5/29/21","i",2021,3,8.1026,17.06,NA,23.39,NA,10.67,NA
"232","USC00412676","Austin_2020_03",29.6211,-96.3661,53.6,"5/29/21","i",2021,4,10.033,20.67,NA,26.5,NA,14.83,NA
"233","USC00412676","Austin_2020_03",29.6211,-96.3661,53.6,"5/29/21","i",2021,5,13.8938,24.56,NA,30.06,NA,19.06,NA
"234","USC00412676","Austin_2020_03",29.6211,-96.3661,53.6,"5/29/21","i",2021,6,9.6774,27.94,NA,33.5,NA,22.33,NA
"235","USC00412676","Austin_2020_03",29.6211,-96.3661,53.6,"5/29/21","i",2021,7,13.1064,29.11,NA,34.78,NA,23.39,NA
"236","USC00412676","Austin_2020_03",29.6211,-96.3661,53.6,"5/29/21","i",2021,8,11.0236,29.61,NA,35.89,NA,23.33,NA
"237","USC00412676","Austin_2020_03",29.6211,-96.3661,53.6,"5/29/21","i",2021,9,10.8458,26.72,NA,32.56,NA,20.94,NA
"238","USC00412676","Austin_2020_03",29.6211,-96.3661,53.6,"5/29/21","i",2021,10,10.3632,21.89,NA,28.72,NA,15,NA
"239","USC00412676","Austin_2020_03",29.6211,-96.3661,53.6,"5/29/21","i",2021,11,7.239,16.56,NA,23,NA,10.06,NA
"240","USC00412676","Austin_2020_03",29.6211,-96.3661,53.6,"5/29/21","i",2021,12,8.4582,12.22,NA,18.33,NA,6.06,NA
"1","USC00413485","Bell_2020_05",31.4144,-97.7019,251.8,"6/19/20","i",2020,1,6.4262,9,2.0572,16,2.7244,1.94,2.0016
"2","USC00413485","Bell_2020_05",31.4144,-97.7019,251.8,"6/19/20","i",2020,2,5.2324,10.83,2.502,18,3.1692,3.67,2.2796
"3","USC00413485","Bell_2020_05",31.4144,-97.7019,251.8,"6/19/20","i",2020,3,9.5504,15.83,1.8904,22.56,1.668,9.11,2.3352
"4","USC00413485","Bell_2020_05",31.4144,-97.7019,251.8,"6/19/20","i",2020,4,9.1694,19.61,1.6124,26.33,1.668,12.89,1.7236
"5","USC00413485","Bell_2020_05",31.4144,-97.7019,251.8,"6/19/20","i",2020,5,11.9634,23.72,1.0008,29.89,1.2232,17.5,1.112
"6","USC00413485","Bell_2020_05",31.4144,-97.7019,251.8,"6/19/20","i",2020,6,8.3566,27.89,1.1676,34.22,1.5012,21.56,1.0564
"7","USC00413485","Bell_2020_05",31.4144,-97.7019,251.8,"6/19/20","i",2020,7,7.7724,29.28,1.4456,35.89,2.224,22.67,1.0564
"8","USC00413485","Bell_2020_05",31.4144,-97.7019,251.8,"6/19/20","i",2020,8,6.4262,29.78,1.0564,36.67,1.5568,22.83,0.9452
"9","USC00413485","Bell_2020_05",31.4144,-97.7019,251.8,"6/19/20","i",2020,9,9.3472,26.11,1.1676,32.94,1.7236,19.33,1.112
"10","USC00413485","Bell_2020_05",31.4144,-97.7019,251.8,"6/19/20","i",2020,10,11.9888,20.28,1.2232,27.44,1.5012,13.11,1.39
"11","USC00413485","Bell_2020_05",31.4144,-97.7019,251.8,"6/19/20","i",2020,11,4.5974,14.39,2.0572,21.28,2.1684,7.56,2.2796
"12","USC00413485","Bell_2020_05",31.4144,-97.7019,251.8,"6/19/20","i",2020,12,4.826,9.5,1.3344,16.28,1.8348,2.72,1.6124
"265","USC00413485","Bell_2021_08",31.4144,-97.7019,251.8,"5/28/21","i",2021,1,6.4262,9,2.0572,16,2.7244,1.94,2.0016
"266","USC00413485","Bell_2021_08",31.4144,-97.7019,251.8,"5/28/21","i",2021,2,5.2324,10.83,2.502,18,3.1692,3.67,2.2796
"267","USC00413485","Bell_2021_08",31.4144,-97.7019,251.8,"5/28/21","i",2021,3,9.5504,15.83,1.8904,22.56,1.668,9.11,2.3352
"268","USC00413485","Bell_2021_08",31.4144,-97.7019,251.8,"5/28/21","i",2021,4,9.1694,19.61,1.6124,26.33,1.668,12.89,1.7236
"269","USC00413485","Bell_2021_08",31.4144,-97.7019,251.8,"5/28/21","i",2021,5,11.9634,23.72,1.0008,29.89,1.2232,17.5,1.112
"270","USC00413485","Bell_2021_08",31.4144,-97.7019,251.8,"5/28/21","i",2021,6,8.3566,27.89,1.1676,34.22,1.5012,21.56,1.0564
"271","USC00413485","Bell_2021_08",31.4144,-97.7019,251.8,"5/28/21","i",2021,7,7.7724,29.28,1.4456,35.89,2.224,22.67,1.0564
"272","USC00413485","Bell_2021_08",31.4144,-97.7019,251.8,"5/28/21","i",2021,8,6.4262,29.78,1.0564,36.67,1.5568,22.83,0.9452
"273","USC00413485","Bell_2021_08",31.4144,-97.7019,251.8,"5/28/21","i",2021,9,9.3472,26.11,1.1676,32.94,1.7236,19.33,1.112
"274","USC00413485","Bell_2021_08",31.4144,-97.7019,251.8,"5/28/21","i",2021,10,11.9888,20.28,1.2232,27.44,1.5012,13.11,1.39
"275","USC00413485","Bell_2021_08",31.4144,-97.7019,251.8,"5/28/21","i",2021,11,4.5974,14.39,2.0572,21.28,2.1684,7.56,2.2796
"276","USC00413485","Bell_2021_08",31.4144,-97.7019,251.8,"5/28/21","i",2021,12,4.826,9.5,1.3344,16.28,1.8348,2.72,1.6124
"277","USC00413485","Bell_2021_08",31.4144,-97.7019,251.8,"6/26/21","p",2021,1,6.4262,9,2.0572,16,2.7244,1.94,2.0016
"278","USC00413485","Bell_2021_08",31.4144,-97.7019,251.8,"6/26/21","p",2021,2,5.2324,10.83,2.502,18,3.1692,3.67,2.2796
"279","USC00413485","Bell_2021_08",31.4144,-97.7019,251.8,"6/26/21","p",2021,3,9.5504,15.83,1.8904,22.56,1.668,9.11,2.3352
"280","USC00413485","Bell_2021_08",31.4144,-97.7019,251.8,"6/26/21","p",2021,4,9.1694,19.61,1.6124,26.33,1.668,12.89,1.7236
"281","USC00413485","Bell_2021_08",31.4144,-97.7019,251.8,"6/26/21","p",2021,5,11.9634,23.72,1.0008,29.89,1.2232,17.5,1.112
"282","USC00413485","Bell_2021_08",31.4144,-97.7019,251.8,"6/26/21","p",2021,6,8.3566,27.89,1.1676,34.22,1.5012,21.56,1.0564
"283","USC00413485","Bell_2021_08",31.4144,-97.7019,251.8,"6/26/21","p",2021,7,7.7724,29.28,1.4456,35.89,2.224,22.67,1.0564
"284","USC00413485","Bell_2021_08",31.4144,-97.7019,251.8,"6/26/21","p",2021,8,6.4262,29.78,1.0564,36.67,1.5568,22.83,0.9452
"285","USC00413485","Bell_2021_08",31.4144,-97.7019,251.8,"6/26/21","p",2021,9,9.3472,26.11,1.1676,32.94,1.7236,19.33,1.112
"286","USC00413485","Bell_2021_08",31.4144,-97.7019,251.8,"6/26/21","p",2021,10,11.9888,20.28,1.2232,27.44,1.5012,13.11,1.39
"287","USC00413485","Bell_2021_08",31.4144,-97.7019,251.8,"6/26/21","p",2021,11,4.5974,14.39,2.0572,21.28,2.1684,7.56,2.2796
"288","USC00413485","Bell_2021_08",31.4144,-97.7019,251.8,"6/26/21","p",2021,12,4.826,9.5,1.3344,16.28,1.8348,2.72,1.6124
"421","USC00414782","Kerr_2020_30",30.0739,-99.1094,547.7,"5/25/21","i",2021,1,4.318,7.89,1.946,15.17,2.5576,0.61,1.7236
"422","USC00414782","Kerr_2020_30",30.0739,-99.1094,547.7,"5/25/21","i",2021,2,2.794,10.61,2.1128,17.83,2.78,3.39,1.8904
"423","USC00414782","Kerr_2020_30",30.0739,-99.1094,547.7,"5/25/21","i",2021,3,6.2738,14.83,1.7792,21.5,1.5568,8.22,2.3352
"424","USC00414782","Kerr_2020_30",30.0739,-99.1094,547.7,"5/25/21","i",2021,4,5.5372,18.39,1.7792,25.17,2.1128,11.56,1.6124
"425","USC00414782","Kerr_2020_30",30.0739,-99.1094,547.7,"5/25/21","i",2021,5,13.462,22.28,1.0564,28.06,1.6124,16.5,1.0008
"426","USC00414782","Kerr_2020_30",30.0739,-99.1094,547.7,"5/25/21","i",2021,6,6.0706,26.11,1.2788,31.83,1.7792,20.44,1.0008
"427","USC00414782","Kerr_2020_30",30.0739,-99.1094,547.7,"5/25/21","i",2021,7,4.064,27.33,1.1676,33.28,1.8348,21.39,0.6672
"428","USC00414782","Kerr_2020_30",30.0739,-99.1094,547.7,"5/25/21","i",2021,8,5.3594,27.78,1.112,34.22,1.7792,21.33,0.6672
"429","USC00414782","Kerr_2020_30",30.0739,-99.1094,547.7,"5/25/21","i",2021,9,9.0678,24.11,1.1676,30.33,1.8904,17.94,1.2788
"430","USC00414782","Kerr_2020_30",30.0739,-99.1094,547.7,"5/25/21","i",2021,10,7.0866,18.94,1.0008,26.06,1.5568,11.89,1.2232
"431","USC00414782","Kerr_2020_30",30.0739,-99.1094,547.7,"5/25/21","i",2021,11,3.5052,13.56,1.8904,20.22,2.224,6.89,1.946
"432","USC00414782","Kerr_2020_30",30.0739,-99.1094,547.7,"5/25/21","i",2021,12,3.8354,9,1.2232,15.89,2.1128,2.17,1.4456
"145","USC00415193","Russel_2020_01",30.4064,-97.0133,128.9,"6/20/20","i",2020,1,7.5946,9.72,2.1684,16.33,2.502,3.17,2.1684
"146","USC00415193","Russel_2020_01",30.4064,-97.0133,128.9,"6/20/20","i",2020,2,3.8608,12,2.224,18.39,2.8912,5.61,1.946
"147","USC00415193","Russel_2020_01",30.4064,-97.0133,128.9,"6/20/20","i",2020,3,8.2296,16.44,1.8904,22.78,1.5568,10.11,2.502
"148","USC00415193","Russel_2020_01",30.4064,-97.0133,128.9,"6/20/20","i",2020,4,7.2898,19.89,1.8348,26.22,1.946,13.56,1.8904
"149","USC00415193","Russel_2020_01",30.4064,-97.0133,128.9,"6/20/20","i",2020,5,14.0208,24.22,1.0008,29.83,1.2232,18.56,1.2788
"150","USC00415193","Russel_2020_01",30.4064,-97.0133,128.9,"6/20/20","i",2020,6,7.0866,28.17,1.0564,33.72,1.8348,22.56,0.834
"151","USC00415193","Russel_2020_01",30.4064,-97.0133,128.9,"6/20/20","i",2020,7,4.4958,29.28,1.1676,35.11,1.8904,23.44,0.7784
"152","USC00415193","Russel_2020_01",30.4064,-97.0133,128.9,"6/20/20","i",2020,8,6.9342,29.89,1.0008,36.33,1.668,23.5,0.6672
"153","USC00415193","Russel_2020_01",30.4064,-97.0133,128.9,"6/20/20","i",2020,9,8.382,26.39,1.1676,32.5,1.946,20.28,1.2232
"154","USC00415193","Russel_2020_01",30.4064,-97.0133,128.9,"6/20/20","i",2020,10,10.9474,20.89,1.0008,27.83,1.5568,13.94,1.5012
"155","USC00415193","Russel_2020_01",30.4064,-97.0133,128.9,"6/20/20","i",2020,11,6.1468,15.33,1.8904,22.06,2.2796,8.67,1.8348
"156","USC00415193","Russel_2020_01",30.4064,-97.0133,128.9,"6/20/20","i",2020,12,6.6548,10.94,1.7236,17.33,2.2796,4.5,1.8904
"337","USC00415272","Burnet_2020_14",30.7425,-98.6542,310.9,"5/27/21","i",2021,1,3.9624,9.22,1.946,17.33,3.1136,1.06,1.7792
"338","USC00415272","Burnet_2020_14",30.7425,-98.6542,310.9,"5/27/21","i",2021,2,2.9464,11.44,2.0572,19.44,3.1692,3.39,1.8904
"339","USC00415272","Burnet_2020_14",30.7425,-98.6542,310.9,"5/27/21","i",2021,3,6.6548,15.94,1.7236,23.83,1.7236,8.06,2.3352
"340","USC00415272","Burnet_2020_14",30.7425,-98.6542,310.9,"5/27/21","i",2021,4,5.6388,19.67,1.8348,27.39,2.1684,11.94,2.0016
"341","USC00415272","Burnet_2020_14",30.7425,-98.6542,310.9,"5/27/21","i",2021,5,11.176,23.83,1.0564,30.39,1.668,17.28,1.0564
"342","USC00415272","Burnet_2020_14",30.7425,-98.6542,310.9,"5/27/21","i",2021,6,6.5278,28,1.3344,34.72,1.946,21.33,1.0008
"343","USC00415272","Burnet_2020_14",30.7425,-98.6542,310.9,"5/27/21","i",2021,7,4.318,29.33,1.5568,36.17,2.224,22.5,1.2232
"344","USC00415272","Burnet_2020_14",30.7425,-98.6542,310.9,"5/27/21","i",2021,8,3.7846,29.67,1.3344,36.83,1.7792,22.56,1.112
"345","USC00415272","Burnet_2020_14",30.7425,-98.6542,310.9,"5/27/21","i",2021,9,7.62,25.78,1.4456,32.78,2.0016,18.83,1.668
"346","USC00415272","Burnet_2020_14",30.7425,-98.6542,310.9,"5/27/21","i",2021,10,7.3406,20.33,1.1676,28.17,1.5012,12.5,1.8348
"347","USC00415272","Burnet_2020_14",30.7425,-98.6542,310.9,"5/27/21","i",2021,11,3.302,14.5,2.0016,22.56,2.3908,6.5,2.3352
"348","USC00415272","Burnet_2020_14",30.7425,-98.6542,310.9,"5/27/21","i",2021,12,3.2004,9.78,1.668,17.67,2.2796,1.89,2.3352
"289","USC00415477","Brazos_2020_16",30.9392,-95.9203,76.8,"5/31/21","i",2021,1,9.2456,9.06,1.946,16.39,2.502,1.67,1.8904
"290","USC00415477","Brazos_2020_16",30.9392,-95.9203,76.8,"5/31/21","i",2021,2,6.858,11.39,2.224,18.33,2.7244,4.5,2.3908
"291","USC00415477","Brazos_2020_16",30.9392,-95.9203,76.8,"5/31/21","i",2021,3,10.4902,15.72,2.224,22.78,2.0572,8.67,2.6132
"292","USC00415477","Brazos_2020_16",30.9392,-95.9203,76.8,"5/31/21","i",2021,4,8.89,19.22,1.668,26.22,1.6124,12.17,1.8904
"293","USC00415477","Brazos_2020_16",30.9392,-95.9203,76.8,"5/31/21","i",2021,5,15.24,23.22,0.9452,29.44,1.2232,17,1.112
"294","USC00415477","Brazos_2020_16",30.9392,-95.9203,76.8,"5/31/21","i",2021,6,9.3472,27.06,0.834,33.06,1.4456,21.06,0.8896
"295","USC00415477","Brazos_2020_16",30.9392,-95.9203,76.8,"5/31/21","i",2021,7,8.6106,28.56,1.0008,34.67,1.5012,22.39,0.8896
"296","USC00415477","Brazos_2020_16",30.9392,-95.9203,76.8,"5/31/21","i",2021,8,8.5344,29.17,0.9452,35.83,1.6124,22.5,0.6116
"297","USC00415477","Brazos_2020_16",30.9392,-95.9203,76.8,"5/31/21","i",2021,9,10.668,25.83,1.0008,32.67,1.6124,19,1.5012
"298","USC00415477","Brazos_2020_16",30.9392,-95.9203,76.8,"5/31/21","i",2021,10,13.1826,20.22,0.9452,27.83,1.2788,12.61,1.5568
"299","USC00415477","Brazos_2020_16",30.9392,-95.9203,76.8,"5/31/21","i",2021,11,8.1788,14.67,1.7792,22.28,2.224,7.06,1.7792
"300","USC00415477","Brazos_2020_16",30.9392,-95.9203,76.8,"5/31/21","i",2021,12,10.1092,10.44,1.5568,17.28,2.0016,3.67,1.8348
"241","USC00415742","Bandera_2020_03",29.81,-99.2497,521.8,"5/25/21","i",2021,1,5.3594,9.06,1.8348,16.89,2.3908,1.22,1.7236
"242","USC00415742","Bandera_2020_03",29.81,-99.2497,521.8,"5/25/21","i",2021,2,3.3528,11.78,1.8348,19.67,2.5576,3.83,1.8348
"243","USC00415742","Bandera_2020_03",29.81,-99.2497,521.8,"5/25/21","i",2021,3,7.5438,16.06,1.8904,23.5,1.7236,8.56,2.4464
"244","USC00415742","Bandera_2020_03",29.81,-99.2497,521.8,"5/25/21","i",2021,4,6.8834,19.22,1.668,26.89,2.0016,11.61,1.668
"245","USC00415742","Bandera_2020_03",29.81,-99.2497,521.8,"5/25/21","i",2021,5,16.1036,23.44,1.0008,30.17,1.5568,16.67,1.0564
"246","USC00415742","Bandera_2020_03",29.81,-99.2497,521.8,"5/25/21","i",2021,6,6.4008,27.17,1.112,33.78,1.7236,20.56,0.8896
"247","USC00415742","Bandera_2020_03",29.81,-99.2497,521.8,"5/25/21","i",2021,7,7.747,28.28,1.0008,35.11,1.8348,21.44,0.6672
"248","USC00415742","Bandera_2020_03",29.81,-99.2497,521.8,"5/25/21","i",2021,8,5.5626,28.67,0.8896,36.17,1.7236,21.17,0.6672
"249","USC00415742","Bandera_2020_03",29.81,-99.2497,521.8,"5/25/21","i",2021,9,11.9888,25.33,1.1676,32.33,1.8348,18.33,1.3344
"250","USC00415742","Bandera_2020_03",29.81,-99.2497,521.8,"5/25/21","i",2021,10,5.8674,20.17,0.834,27.83,1.5012,12.5,1.2232
"251","USC00415742","Bandera_2020_03",29.81,-99.2497,521.8,"5/25/21","i",2021,11,4.3942,14.67,1.8904,22.06,2.502,7.28,1.668
"252","USC00415742","Bandera_2020_03",29.81,-99.2497,521.8,"5/25/21","i",2021,12,4.7498,10.06,1.0564,17.5,1.8348,2.61,1.5012
"253","USC00415742","Bandera_2020_03",29.81,-99.2497,521.8,"6/27/21","p",2021,1,5.3594,9.06,1.8348,16.89,2.3908,1.22,1.7236
"254","USC00415742","Bandera_2020_03",29.81,-99.2497,521.8,"6/27/21","p",2021,2,3.3528,11.78,1.8348,19.67,2.5576,3.83,1.8348
"255","USC00415742","Bandera_2020_03",29.81,-99.2497,521.8,"6/27/21","p",2021,3,7.5438,16.06,1.8904,23.5,1.7236,8.56,2.4464
"256","USC00415742","Bandera_2020_03",29.81,-99.2497,521.8,"6/27/21","p",2021,4,6.8834,19.22,1.668,26.89,2.0016,11.61,1.668
"257","USC00415742","Bandera_2020_03",29.81,-99.2497,521.8,"6/27/21","p",2021,5,16.1036,23.44,1.0008,30.17,1.5568,16.67,1.0564
"258","USC00415742","Bandera_2020_03",29.81,-99.2497,521.8,"6/27/21","p",2021,6,6.4008,27.17,1.112,33.78,1.7236,20.56,0.8896
"259","USC00415742","Bandera_2020_03",29.81,-99.2497,521.8,"6/27/21","p",2021,7,7.747,28.28,1.0008,35.11,1.8348,21.44,0.6672
"260","USC00415742","Bandera_2020_03",29.81,-99.2497,521.8,"6/27/21","p",2021,8,5.5626,28.67,0.8896,36.17,1.7236,21.17,0.6672
"261","USC00415742","Bandera_2020_03",29.81,-99.2497,521.8,"6/27/21","p",2021,9,11.9888,25.33,1.1676,32.33,1.8348,18.33,1.3344
"262","USC00415742","Bandera_2020_03",29.81,-99.2497,521.8,"6/27/21","p",2021,10,5.8674,20.17,0.834,27.83,1.5012,12.5,1.2232
"263","USC00415742","Bandera_2020_03",29.81,-99.2497,521.8,"6/27/21","p",2021,11,4.3942,14.67,1.8904,22.06,2.502,7.28,1.668
"264","USC00415742","Bandera_2020_03",29.81,-99.2497,521.8,"6/27/21","p",2021,12,4.7498,10.06,1.0564,17.5,1.8348,2.61,1.5012
"73","USC00417232","Edwards_2019_17",29.9167,-99.7908,625.4,"6/15/20","i",2020,1,2.921,7.39,1.668,16.06,2.502,-1.33,1.7792
"74","USC00417232","Edwards_2019_17",29.9167,-99.7908,625.4,"6/15/20","i",2020,2,2.9464,10.11,2.0016,19,2.6688,1.22,1.7792
"75","USC00417232","Edwards_2019_17",29.9167,-99.7908,625.4,"6/15/20","i",2020,3,5.2578,14.39,1.7792,22.44,1.668,6.39,2.3352
"76","USC00417232","Edwards_2019_17",29.9167,-99.7908,625.4,"6/15/20","i",2020,4,5.1562,17.94,1.7236,26,2.0016,9.89,1.8348
"77","USC00417232","Edwards_2019_17",29.9167,-99.7908,625.4,"6/15/20","i",2020,5,11.811,22.06,0.9452,29.06,1.7236,15.11,0.8896
"78","USC00417232","Edwards_2019_17",29.9167,-99.7908,625.4,"6/15/20","i",2020,6,5.08,26.06,1.1676,32.61,1.668,19.44,1.0564
"79","USC00417232","Edwards_2019_17",29.9167,-99.7908,625.4,"6/15/20","i",2020,7,4.826,26.94,1.1676,33.5,1.668,20.39,1.0008
"80","USC00417232","Edwards_2019_17",29.9167,-99.7908,625.4,"6/15/20","i",2020,8,5.6388,27.11,0.834,34.11,1.5012,20.11,0.6672
"81","USC00417232","Edwards_2019_17",29.9167,-99.7908,625.4,"6/15/20","i",2020,9,11.1506,23.67,1.2232,30.72,1.6124,16.56,1.4456
"82","USC00417232","Edwards_2019_17",29.9167,-99.7908,625.4,"6/15/20","i",2020,10,6.8072,18.39,0.834,26.67,1.5568,10.11,1.5568
"83","USC00417232","Edwards_2019_17",29.9167,-99.7908,625.4,"6/15/20","i",2020,11,2.9718,12.94,1.668,21.33,2.0572,4.56,2.2796
"84","USC00417232","Edwards_2019_17",29.9167,-99.7908,625.4,"6/15/20","i",2020,12,3.8862,7.83,1.5568,16.67,2.1128,-1.06,2.4464
"157","USC00417994","Sansaba_2020_01",31.4406,-98.5903,459.3,"6/16/20","i",2020,1,4.2926,7.94,1.8348,15.5,2.502,0.39,1.7236
"158","USC00417994","Sansaba_2020_01",31.4406,-98.5903,459.3,"6/16/20","i",2020,2,3.5306,10.17,2.0016,17.83,2.6688,2.5,1.7236
"159","USC00417994","Sansaba_2020_01",31.4406,-98.5903,459.3,"6/16/20","i",2020,3,7.4422,14.78,1.7792,22,1.7236,7.61,2.3352
"160","USC00417994","Sansaba_2020_01",31.4406,-98.5903,459.3,"6/16/20","i",2020,4,5.842,18.5,1.8348,25.83,2.3908,11.11,1.7236
"161","USC00417994","Sansaba_2020_01",31.4406,-98.5903,459.3,"6/16/20","i",2020,5,10.9728,22.78,1.1676,29.17,1.668,16.33,1.1676
"162","USC00417994","Sansaba_2020_01",31.4406,-98.5903,459.3,"6/16/20","i",2020,6,6.477,27.17,1.3344,33.67,1.946,20.72,0.9452
"163","USC00417994","Sansaba_2020_01",31.4406,-98.5903,459.3,"6/16/20","i",2020,7,4.7498,28.78,1.39,35.5,2.0572,22.11,0.8896
"164","USC00417994","Sansaba_2020_01",31.4406,-98.5903,459.3,"6/16/20","i",2020,8,4.7244,29.22,1.2788,36.17,1.7236,22.28,1.0008
"165","USC00417994","Sansaba_2020_01",31.4406,-98.5903,459.3,"6/16/20","i",2020,9,7.5692,25.06,1.39,31.72,2.0016,18.44,1.4456
"166","USC00417994","Sansaba_2020_01",31.4406,-98.5903,459.3,"6/16/20","i",2020,10,8.6614,19.33,1.3344,26.78,1.8904,11.83,1.4456
"167","USC00417994","Sansaba_2020_01",31.4406,-98.5903,459.3,"6/16/20","i",2020,11,3.4544,13.67,1.5568,20.89,2.0016,6.39,1.668
"168","USC00417994","Sansaba_2020_01",31.4406,-98.5903,459.3,"6/16/20","i",2020,12,3.683,8.83,1.4456,16.11,2.0016,1.5,1.7236
"373","USC00418415","Fayette_2021_12",30.0092,-97.1644,96.6,"5/28/21","i",2021,1,6.4516,10.17,1.8904,17.44,2.1684,2.94,2.0016
"374","USC00418415","Fayette_2021_12",30.0092,-97.1644,96.6,"5/28/21","i",2021,2,4.2672,12.44,2.224,19.61,2.8912,5.22,1.946
"375","USC00418415","Fayette_2021_12",30.0092,-97.1644,96.6,"5/28/21","i",2021,3,8.3312,16.83,2.0016,23.94,1.7236,9.72,2.4464
"376","USC00418415","Fayette_2021_12",30.0092,-97.1644,96.6,"5/28/21","i",2021,4,9.3472,20.11,1.6124,27.22,1.668,13.06,1.7792
"377","USC00418415","Fayette_2021_12",30.0092,-97.1644,96.6,"5/28/21","i",2021,5,11.9126,24.28,1.1676,30.5,1.4456,18.06,1.3344
"378","USC00418415","Fayette_2021_12",30.0092,-97.1644,96.6,"5/28/21","i",2021,6,7.0104,28.17,0.9452,34.44,1.7792,21.89,1.0564
"379","USC00418415","Fayette_2021_12",30.0092,-97.1644,96.6,"5/28/21","i",2021,7,5.5626,29.39,1.2788,35.67,2.0572,23.17,0.7784
"380","USC00418415","Fayette_2021_12",30.0092,-97.1644,96.6,"5/28/21","i",2021,8,7.3406,30.06,0.8896,36.89,1.6124,23.22,0.3892
"381","USC00418415","Fayette_2021_12",30.0092,-97.1644,96.6,"5/28/21","i",2021,9,9.9314,26.78,1.112,33.22,1.7236,20.28,1.3344
"382","USC00418415","Fayette_2021_12",30.0092,-97.1644,96.6,"5/28/21","i",2021,10,10.1346,21.17,0.8896,28.89,1.39,13.44,1.4456
"383","USC00418415","Fayette_2021_12",30.0092,-97.1644,96.6,"5/28/21","i",2021,11,5.6896,15.72,2.0572,23.17,2.2796,8.33,2.1684
"384","USC00418415","Fayette_2021_12",30.0092,-97.1644,96.6,"5/28/21","i",2021,12,7.5438,11.11,1.6124,18.17,2.3352,4.11,1.7236
"469","USC00418446","Washington_2020_08",30.3367,-96.5403,80.2,"5/30/21","i",2021,1,7.7216,9.44,2.3908,17.11,2.3352,1.78,2.8912
"470","USC00418446","Washington_2020_08",30.3367,-96.5403,80.2,"5/30/21","i",2021,2,5.842,11.83,2.502,19.28,2.8356,4.39,2.4464
"471","USC00418446","Washington_2020_08",30.3367,-96.5403,80.2,"5/30/21","i",2021,3,9.5504,16.06,2.224,23.56,1.946,8.56,2.9468
"472","USC00418446","Washington_2020_08",30.3367,-96.5403,80.2,"5/30/21","i",2021,4,9.144,19.78,1.8904,27.17,1.7236,12.44,2.4464
"473","USC00418446","Washington_2020_08",30.3367,-96.5403,80.2,"5/30/21","i",2021,5,15.0876,24.06,1.1676,30.78,1.1676,17.33,1.8348
"474","USC00418446","Washington_2020_08",30.3367,-96.5403,80.2,"5/30/21","i",2021,6,7.4168,27.89,0.9452,34.83,1.5568,21,1.4456
"475","USC00418446","Washington_2020_08",30.3367,-96.5403,80.2,"5/30/21","i",2021,7,5.588,29.22,1.1676,36.17,1.668,22.33,1.4456
"476","USC00418446","Washington_2020_08",30.3367,-96.5403,80.2,"5/30/21","i",2021,8,8.7376,29.94,1.0564,37.33,1.5012,22.56,1.39
"477","USC00418446","Washington_2020_08",30.3367,-96.5403,80.2,"5/30/21","i",2021,9,9.8044,26.56,1.3344,33.94,1.7792,19.22,1.6124
"478","USC00418446","Washington_2020_08",30.3367,-96.5403,80.2,"5/30/21","i",2021,10,10.4902,20.83,1.3344,29.11,1.4456,12.56,2.2796
"479","USC00418446","Washington_2020_08",30.3367,-96.5403,80.2,"5/30/21","i",2021,11,7.2136,15.22,1.946,23.22,2.2796,7.22,2.1684
"480","USC00418446","Washington_2020_08",30.3367,-96.5403,80.2,"5/30/21","i",2021,12,8.4582,10.67,1.8904,18.17,2.0016,3.22,2.502
"301","USW00003904","Brazos_2020_18",30.5892,-96.3647,93,"5/30/21","i",2021,1,7.7216,10.78,2.0572,16.72,2.3908,4.78,1.8904
"302","USW00003904","Brazos_2020_18",30.5892,-96.3647,93,"5/30/21","i",2021,2,5.7404,13.06,2.3908,18.94,2.8912,7.22,2.2796
"303","USW00003904","Brazos_2020_18",30.5892,-96.3647,93,"5/30/21","i",2021,3,9.7536,17.39,2.0016,23.22,1.8348,11.5,2.3352
"304","USW00003904","Brazos_2020_18",30.5892,-96.3647,93,"5/30/21","i",2021,4,7.239,20.61,1.6124,26.5,1.7792,14.72,1.5568
"305","USW00003904","Brazos_2020_18",30.5892,-96.3647,93,"5/30/21","i",2021,5,13.0302,24.67,0.9452,30.17,1.2232,19.17,0.9452
"306","USW00003904","Brazos_2020_18",30.5892,-96.3647,93,"5/30/21","i",2021,6,7.9248,28.44,1.0008,33.94,1.6124,23,0.6672
"307","USW00003904","Brazos_2020_18",30.5892,-96.3647,93,"5/30/21","i",2021,7,5.588,29.67,1.0008,35.28,1.6124,24.06,0.6672
"308","USW00003904","Brazos_2020_18",30.5892,-96.3647,93,"5/30/21","i",2021,8,8.255,30.28,1.0008,36.39,1.6124,24.22,0.556
"309","USW00003904","Brazos_2020_18",30.5892,-96.3647,93,"5/30/21","i",2021,9,9.7282,27.17,1.0564,32.78,1.5568,21.5,1.0564
"310","USW00003904","Brazos_2020_18",30.5892,-96.3647,93,"5/30/21","i",2021,10,11.6332,21.72,0.9452,27.94,1.2788,15.44,1.112
"311","USW00003904","Brazos_2020_18",30.5892,-96.3647,93,"5/30/21","i",2021,11,6.4516,16.22,1.8348,22.33,2.1684,10.11,1.7236
"312","USW00003904","Brazos_2020_18",30.5892,-96.3647,93,"5/30/21","i",2021,12,8.89,11.94,1.5568,17.78,2.0016,6.17,1.6124
"49","USW00003904","Brazos_2020_18",30.5892,-96.3647,93,"6/20/20","i",2020,1,7.7216,10.78,2.0572,16.72,2.3908,4.78,1.8904
"50","USW00003904","Brazos_2020_18",30.5892,-96.3647,93,"6/20/20","i",2020,2,5.7404,13.06,2.3908,18.94,2.8912,7.22,2.2796
"51","USW00003904","Brazos_2020_18",30.5892,-96.3647,93,"6/20/20","i",2020,3,9.7536,17.39,2.0016,23.22,1.8348,11.5,2.3352
"52","USW00003904","Brazos_2020_18",30.5892,-96.3647,93,"6/20/20","i",2020,4,7.239,20.61,1.6124,26.5,1.7792,14.72,1.5568
"53","USW00003904","Brazos_2020_18",30.5892,-96.3647,93,"6/20/20","i",2020,5,13.0302,24.67,0.9452,30.17,1.2232,19.17,0.9452
"54","USW00003904","Brazos_2020_18",30.5892,-96.3647,93,"6/20/20","i",2020,6,7.9248,28.44,1.0008,33.94,1.6124,23,0.6672
"55","USW00003904","Brazos_2020_18",30.5892,-96.3647,93,"6/20/20","i",2020,7,5.588,29.67,1.0008,35.28,1.6124,24.06,0.6672
"56","USW00003904","Brazos_2020_18",30.5892,-96.3647,93,"6/20/20","i",2020,8,8.255,30.28,1.0008,36.39,1.6124,24.22,0.556
"57","USW00003904","Brazos_2020_18",30.5892,-96.3647,93,"6/20/20","i",2020,9,9.7282,27.17,1.0564,32.78,1.5568,21.5,1.0564
"58","USW00003904","Brazos_2020_18",30.5892,-96.3647,93,"6/20/20","i",2020,10,11.6332,21.72,0.9452,27.94,1.2788,15.44,1.112
"59","USW00003904","Brazos_2020_18",30.5892,-96.3647,93,"6/20/20","i",2020,11,6.4516,16.22,1.8348,22.33,2.1684,10.11,1.7236
"60","USW00003904","Brazos_2020_18",30.5892,-96.3647,93,"6/20/20","i",2020,12,8.89,11.94,1.5568,17.78,2.0016,6.17,1.6124
"385","USW00012960","Harris_2020_03",29.98,-95.36,29,"6/1/21","i",2021,1,8.9154,11.94,2.1684,17.67,2.2796,6.17,2.2796
"386","USW00012960","Harris_2020_03",29.98,-95.36,29,"6/1/21","i",2021,2,6.1214,14.28,2.4464,20,2.502,8.61,2.6132
"387","USW00012960","Harris_2020_03",29.98,-95.36,29,"6/1/21","i",2021,3,8.3566,18.11,2.0016,23.78,1.7236,12.39,2.3352
"388","USW00012960","Harris_2020_03",29.98,-95.36,29,"6/1/21","i",2021,4,10.668,21.17,1.39,26.83,1.39,15.56,1.4456
"389","USW00012960","Harris_2020_03",29.98,-95.36,29,"6/1/21","i",2021,5,13.462,25.17,0.9452,30.44,1.1676,19.83,0.9452
"390","USW00012960","Harris_2020_03",29.98,-95.36,29,"6/1/21","i",2021,6,13.4366,28.56,0.7784,33.83,1.2788,23.28,0.6116
"391","USW00012960","Harris_2020_03",29.98,-95.36,29,"6/1/21","i",2021,7,12.1412,29.5,0.834,34.5,1.2232,24.5,0.7228
"392","USW00012960","Harris_2020_03",29.98,-95.36,29,"6/1/21","i",2021,8,15.0114,29.89,0.9452,35.22,1.39,24.5,0.6116
"393","USW00012960","Harris_2020_03",29.98,-95.36,29,"6/1/21","i",2021,9,13.1572,27.11,0.834,32.39,1.2232,21.89,1.112
"394","USW00012960","Harris_2020_03",29.98,-95.36,29,"6/1/21","i",2021,10,14.859,22.22,0.7228,28.39,1.0564,16.06,0.9452
"395","USW00012960","Harris_2020_03",29.98,-95.36,29,"6/1/21","i",2021,11,6.6548,16.89,1.6124,22.89,1.8904,10.83,1.5012
"396","USW00012960","Harris_2020_03",29.98,-95.36,29,"6/1/21","i",2021,12,9.2202,13.22,1.4456,18.72,1.7792,7.72,1.39
"97","USW00012960","Harris_2020_03",29.98,-95.36,29,"6/21/20","i",2020,1,8.9154,11.94,2.1684,17.67,2.2796,6.17,2.2796
"98","USW00012960","Harris_2020_03",29.98,-95.36,29,"6/21/20","i",2020,2,6.1214,14.28,2.4464,20,2.502,8.61,2.6132
"99","USW00012960","Harris_2020_03",29.98,-95.36,29,"6/21/20","i",2020,3,8.3566,18.11,2.0016,23.78,1.7236,12.39,2.3352
"100","USW00012960","Harris_2020_03",29.98,-95.36,29,"6/21/20","i",2020,4,10.668,21.17,1.39,26.83,1.39,15.56,1.4456
"101","USW00012960","Harris_2020_03",29.98,-95.36,29,"6/21/20","i",2020,5,13.462,25.17,0.9452,30.44,1.1676,19.83,0.9452
"102","USW00012960","Harris_2020_03",29.98,-95.36,29,"6/21/20","i",2020,6,13.4366,28.56,0.7784,33.83,1.2788,23.28,0.6116
"103","USW00012960","Harris_2020_03",29.98,-95.36,29,"6/21/20","i",2020,7,12.1412,29.5,0.834,34.5,1.2232,24.5,0.7228
"104","USW00012960","Harris_2020_03",29.98,-95.36,29,"6/21/20","i",2020,8,15.0114,29.89,0.9452,35.22,1.39,24.5,0.6116
"105","USW00012960","Harris_2020_03",29.98,-95.36,29,"6/21/20","i",2020,9,13.1572,27.11,0.834,32.39,1.2232,21.89,1.112
"106","USW00012960","Harris_2020_03",29.98,-95.36,29,"6/21/20","i",2020,10,14.859,22.22,0.7228,28.39,1.0564,16.06,0.9452
"107","USW00012960","Harris_2020_03",29.98,-95.36,29,"6/21/20","i",2020,11,6.6548,16.89,1.6124,22.89,1.8904,10.83,1.5012
"108","USW00012960","Harris_2020_03",29.98,-95.36,29,"6/21/20","i",2020,12,9.2202,13.22,1.4456,18.72,1.7792,7.72,1.39
"397","USW00012960","Harris_2020_03",29.98,-95.36,29,"6/25/21","p",2021,1,8.9154,11.94,2.1684,17.67,2.2796,6.17,2.2796
"398","USW00012960","Harris_2020_03",29.98,-95.36,29,"6/25/21","p",2021,2,6.1214,14.28,2.4464,20,2.502,8.61,2.6132
"399","USW00012960","Harris_2020_03",29.98,-95.36,29,"6/25/21","p",2021,3,8.3566,18.11,2.0016,23.78,1.7236,12.39,2.3352
"400","USW00012960","Harris_2020_03",29.98,-95.36,29,"6/25/21","p",2021,4,10.668,21.17,1.39,26.83,1.39,15.56,1.4456
"401","USW00012960","Harris_2020_03",29.98,-95.36,29,"6/25/21","p",2021,5,13.462,25.17,0.9452,30.44,1.1676,19.83,0.9452
"402","USW00012960","Harris_2020_03",29.98,-95.36,29,"6/25/21","p",2021,6,13.4366,28.56,0.7784,33.83,1.2788,23.28,0.6116
"403","USW00012960","Harris_2020_03",29.98,-95.36,29,"6/25/21","p",2021,7,12.1412,29.5,0.834,34.5,1.2232,24.5,0.7228
"404","USW00012960","Harris_2020_03",29.98,-95.36,29,"6/25/21","p",2021,8,15.0114,29.89,0.9452,35.22,1.39,24.5,0.6116
"405","USW00012960","Harris_2020_03",29.98,-95.36,29,"6/25/21","p",2021,9,13.1572,27.11,0.834,32.39,1.2232,21.89,1.112
"406","USW00012960","Harris_2020_03",29.98,-95.36,29,"6/25/21","p",2021,10,14.859,22.22,0.7228,28.39,1.0564,16.06,0.9452
"407","USW00012960","Harris_2020_03",29.98,-95.36,29,"6/25/21","p",2021,11,6.6548,16.89,1.6124,22.89,1.8904,10.83,1.5012
"408","USW00012960","Harris_2020_03",29.98,-95.36,29,"6/25/21","p",2021,12,9.2202,13.22,1.4456,18.72,1.7792,7.72,1.39
"109","USW00012960","Harris_2020_03",29.98,-95.36,29,"7/17/20","p",2020,1,8.9154,11.94,2.1684,17.67,2.2796,6.17,2.2796
"110","USW00012960","Harris_2020_03",29.98,-95.36,29,"7/17/20","p",2020,2,6.1214,14.28,2.4464,20,2.502,8.61,2.6132
"111","USW00012960","Harris_2020_03",29.98,-95.36,29,"7/17/20","p",2020,3,8.3566,18.11,2.0016,23.78,1.7236,12.39,2.3352
"112","USW00012960","Harris_2020_03",29.98,-95.36,29,"7/17/20","p",2020,4,10.668,21.17,1.39,26.83,1.39,15.56,1.4456
"113","USW00012960","Harris_2020_03",29.98,-95.36,29,"7/17/20","p",2020,5,13.462,25.17,0.9452,30.44,1.1676,19.83,0.9452
"114","USW00012960","Harris_2020_03",29.98,-95.36,29,"7/17/20","p",2020,6,13.4366,28.56,0.7784,33.83,1.2788,23.28,0.6116
"115","USW00012960","Harris_2020_03",29.98,-95.36,29,"7/17/20","p",2020,7,12.1412,29.5,0.834,34.5,1.2232,24.5,0.7228
"116","USW00012960","Harris_2020_03",29.98,-95.36,29,"7/17/20","p",2020,8,15.0114,29.89,0.9452,35.22,1.39,24.5,0.6116
"117","USW00012960","Harris_2020_03",29.98,-95.36,29,"7/17/20","p",2020,9,13.1572,27.11,0.834,32.39,1.2232,21.89,1.112
"118","USW00012960","Harris_2020_03",29.98,-95.36,29,"7/17/20","p",2020,10,14.859,22.22,0.7228,28.39,1.0564,16.06,0.9452
"119","USW00012960","Harris_2020_03",29.98,-95.36,29,"7/17/20","p",2020,11,6.6548,16.89,1.6124,22.89,1.8904,10.83,1.5012
"120","USW00012960","Harris_2020_03",29.98,-95.36,29,"7/17/20","p",2020,12,9.2202,13.22,1.4456,18.72,1.7792,7.72,1.39
"13","USW00012970","Bexar_2019_16",29.3389,-98.4719,NA,"6/18/20","i",2020,1,4.5466,12.06,1.8904,18.61,2.502,5.5,1.7236
"14","USW00012970","Bexar_2019_16",29.3389,-98.4719,NA,"6/18/20","i",2020,2,2.8702,14.72,2.224,21.17,2.78,8.33,2.0572
"15","USW00012970","Bexar_2019_16",29.3389,-98.4719,NA,"6/18/20","i",2020,3,5.6896,18.83,2.0016,24.94,1.7792,12.78,2.7244
"16","USW00012970","Bexar_2019_16",29.3389,-98.4719,NA,"6/18/20","i",2020,4,5.4356,22.11,1.7792,28.39,2.1684,15.83,1.6124
"17","USW00012970","Bexar_2019_16",29.3389,-98.4719,NA,"6/18/20","i",2020,5,9.4488,25.94,1.0564,31.72,1.7236,20.11,0.834
"18","USW00012970","Bexar_2019_16",29.3389,-98.4719,NA,"6/18/20","i",2020,6,6.0452,29.22,1.2232,35,1.946,23.5,0.7228
"19","USW00012970","Bexar_2019_16",29.3389,-98.4719,NA,"6/18/20","i",2020,7,5.1562,30.28,1.2788,36.33,2.1684,24.22,0.6672
"20","USW00012970","Bexar_2019_16",29.3389,-98.4719,NA,"6/18/20","i",2020,8,6.9088,30.94,1.112,37.28,1.8904,24.61,0.5004
"21","USW00012970","Bexar_2019_16",29.3389,-98.4719,NA,"6/18/20","i",2020,9,8.8138,28,1.2788,33.72,1.8904,22.28,1.112
"22","USW00012970","Bexar_2019_16",29.3389,-98.4719,NA,"6/18/20","i",2020,10,5.7658,22.94,1.0008,29.39,1.3344,16.56,1.2232
"23","USW00012970","Bexar_2019_16",29.3389,-98.4719,NA,"6/18/20","i",2020,11,3.5052,17.5,1.7792,23.72,2.0016,11.28,1.7236
"24","USW00012970","Bexar_2019_16",29.3389,-98.4719,NA,"6/18/20","i",2020,12,3.937,13.17,1.3344,19.33,1.946,6.94,1.4456
"25","USW00012970","Bexar_2019_16",29.3389,-98.4719,NA,"7/19/20","p",2020,1,4.5466,12.06,1.8904,18.61,2.502,5.5,1.7236
"26","USW00012970","Bexar_2019_16",29.3389,-98.4719,NA,"7/19/20","p",2020,2,2.8702,14.72,2.224,21.17,2.78,8.33,2.0572
"27","USW00012970","Bexar_2019_16",29.3389,-98.4719,NA,"7/19/20","p",2020,3,5.6896,18.83,2.0016,24.94,1.7792,12.78,2.7244
"28","USW00012970","Bexar_2019_16",29.3389,-98.4719,NA,"7/19/20","p",2020,4,5.4356,22.11,1.7792,28.39,2.1684,15.83,1.6124
"29","USW00012970","Bexar_2019_16",29.3389,-98.4719,NA,"7/19/20","p",2020,5,9.4488,25.94,1.0564,31.72,1.7236,20.11,0.834
"30","USW00012970","Bexar_2019_16",29.3389,-98.4719,NA,"7/19/20","p",2020,6,6.0452,29.22,1.2232,35,1.946,23.5,0.7228
"31","USW00012970","Bexar_2019_16",29.3389,-98.4719,NA,"7/19/20","p",2020,7,5.1562,30.28,1.2788,36.33,2.1684,24.22,0.6672
"32","USW00012970","Bexar_2019_16",29.3389,-98.4719,NA,"7/19/20","p",2020,8,6.9088,30.94,1.112,37.28,1.8904,24.61,0.5004
"33","USW00012970","Bexar_2019_16",29.3389,-98.4719,NA,"7/19/20","p",2020,9,8.8138,28,1.2788,33.72,1.8904,22.28,1.112
"34","USW00012970","Bexar_2019_16",29.3389,-98.4719,NA,"7/19/20","p",2020,10,5.7658,22.94,1.0008,29.39,1.3344,16.56,1.2232
"35","USW00012970","Bexar_2019_16",29.3389,-98.4719,NA,"7/19/20","p",2020,11,3.5052,17.5,1.7792,23.72,2.0016,11.28,1.7236
"36","USW00012970","Bexar_2019_16",29.3389,-98.4719,NA,"7/19/20","p",2020,12,3.937,13.17,1.3344,19.33,1.946,6.94,1.4456
"193","USW00023907","Williamson_2019_09",30.6222,-98.0847,414.8,"6/19/20","i",2020,1,5.0038,10.06,1.7792,15.78,2.2796,4.39,1.5012
"194","USW00023907","Williamson_2019_09",30.6222,-98.0847,414.8,"6/19/20","i",2020,2,3.4544,11.83,2.3908,17.72,2.8356,6,2.1128
"195","USW00023907","Williamson_2019_09",30.6222,-98.0847,414.8,"6/19/20","i",2020,3,7.239,16.5,1.668,22.28,1.5012,10.72,2.0572
"196","USW00023907","Williamson_2019_09",30.6222,-98.0847,414.8,"6/19/20","i",2020,4,7.1628,19.78,1.5568,25.67,1.668,13.89,1.6124
"197","USW00023907","Williamson_2019_09",30.6222,-98.0847,414.8,"6/19/20","i",2020,5,11.7348,23.39,1.0008,28.89,1.4456,17.94,0.834
"198","USW00023907","Williamson_2019_09",30.6222,-98.0847,414.8,"6/19/20","i",2020,6,4.699,27.33,0.8896,33,1.39,21.67,0.556
"199","USW00023907","Williamson_2019_09",30.6222,-98.0847,414.8,"6/19/20","i",2020,7,4.8514,28.61,1.112,34.61,1.7792,22.61,0.6116
"200","USW00023907","Williamson_2019_09",30.6222,-98.0847,414.8,"6/19/20","i",2020,8,5.9436,29.22,1.0564,35.5,1.4456,22.94,0.6672
"201","USW00023907","Williamson_2019_09",30.6222,-98.0847,414.8,"6/19/20","i",2020,9,9.017,25.72,1.39,31.22,1.8904,20.28,1.0564
"202","USW00023907","Williamson_2019_09",30.6222,-98.0847,414.8,"6/19/20","i",2020,10,8.8138,20.78,1.2232,26.44,1.4456,15.11,1.1676
"203","USW00023907","Williamson_2019_09",30.6222,-98.0847,414.8,"6/19/20","i",2020,11,5.4864,15.28,1.7236,20.61,1.7792,9.89,1.8348
"204","USW00023907","Williamson_2019_09",30.6222,-98.0847,414.8,"6/19/20","i",2020,12,4.4196,10.83,1.4456,16.17,1.7236,5.5,1.4456
