"site","sampling.year","visit.type","map.15yr","mat.15yr","mav.15yr","ai.30","pt.30","ho.60","hn.60","ppfd.60","cond.60","eet.60","pet.60","aet.60","wn.60","ai.60","pt.60","ho.90","hn.90","ppfd.90","cond.90","eet.90","pet.90","aet.90","wn.90","ai.90","pt.90","ho.15yr","hn.15yr","ppfd.15yr","cond.15yr","eet.15yr","pet.15yr","aet.15yr","wn.15yr","ai.15yr","tavg365","prcp365","vpd365","sf365","tavg90","prcp90","vpd90","sf90","tavg60","prcp60","vpd60","sf60","tavg30","prcp30","vpd30","sf30","tavg20","prcp20","vpd20","sf20","tavg15","prcp15","vpd15","sf15","tavg10","prcp10","vpd10","sf10","tavg9","prcp9","vpd9","sf9","tavg8","prcp8","vpd8","sf8","tavg7","prcp7","vpd7","sf7","tavg6","prcp6","vpd6","sf6","tavg5","prcp5","vpd5","sf5","tavg4","prcp4","vpd4","sf4","tavg3","prcp3","vpd3","sf3","tavg2","prcp2","vpd2","sf2","tavg1","prcp1","vpd1","sf1","ho.30","hn.30","ppfd.30","cond.30","eet.30","pet.30","aet.30","wn.30","pt.15yr","wn1","wn2","wn3","wn4","wn5","wn6","wn7","wn8","wn9","wn10","wn15","wn20","wn30","wn60","wn90"
"Austin_2020_03",2021,"initial",1110.06170021136,20.6005079965498,10.1980082863182,1.7680351401636,1.26,33204728.0374195,12441162.4478246,34.9819882550998,87.3163846427179,454.312430281498,572.433662154688,572.433662154688,190.117714097784,1.4215400501756,1.26,33204728.0374195,12257003.7887605,34.5490365223933,106.159821619796,544.073807452056,685.532997389591,685.532997389591,193.439630059595,1.24747193717845,1.26,33217036.8938408,11699804.3380236,33.0315261092363,235.167928472256,1200.00100391159,1512.0012649286,1298.42574366568,145.970959587325,0.734073503716151,20.1987472570778,1201.94468591298,9.50189993464987,0.503053552350427,19.6008623851819,409.302989087068,8.00815993384197,0.530619147940075,21.2088248689296,367.857189655304,8.01701507250131,0.548077526679222,23.4304924668937,347.290090143681,7.50305332448976,0.56363904853129,23.7593205100612,236.9345946908,7.06319193620431,0.568060428849902,23.8711136409214,235.301294744015,6.72689986441817,0.570074404761905,24.4989992777506,95.3118963241577,6.37951651215553,0.571939300411522,25.1729366779327,94.1166963577271,6.8400373198092,0.572293113425926,25.4440277644566,94.1166963577271,6.63537839480809,0.572640542328042,25.4967492421468,83.1561965942383,6.42565820117791,0.572982253086419,25.5817790985107,73.6786966323852,6.56519989371299,0.573317129629629,26.2226991653442,70.7615966796875,7.43263735622167,0.573645833333333,20.385463180045,34621.6245783895,9.98788388598193,0.503191936137633,27.3637990951538,0,9.69459986686707,0.57427662037037,27.5599994659424,0,10.4363995790482,0.574583333333333,24.3467998504639,72.0421981811523,7.39034986495971,0.575162037037037,33204728.0374195,12594221.6386659,35.302904447254,67.1253250715805,356.045084052467,448.616805906108,448.616805906108,208.544427701667,1.08264599370967,255.491997742077,249.989341010798,249.996990470633,251.370742288494,252.194993379211,252.280963499645,252.647753296965,252.393292320688,251.559164616747,251.396427097736,221.328814900081,202.053081999293,190.653554673997,162.131340193271,177.0704784525
"Bandera_2020_03",2021,"initial",789.72086079636,18.8659158778458,12.3140125796878,0.865731577701567,1.26,33179156.9406521,12531130.2682511,35.2834766267483,90.8400595712717,468.115068325572,589.82498609022,589.82498609022,84.4923590527179,0.700603901964893,1.26,33179156.9406521,12344035.383782,34.8344261416476,109.663961196692,557.416122252002,702.344314037523,702.344314037523,79.108578925651,0.622999970142655,1.26,33191492.598444,11795976.5418681,33.3608378797547,471.71311572247,2381.82672147093,3001.10166905337,2560.45272272767,89.1982100404147,0.526965280025424,18.8421519819934,543.009891276946,12.5024361735807,0.503066716269841,18.0488399762786,224.569993592799,10.341978944838,0.526274578651685,19.5325266466302,200.243193648756,11.0107191745507,0.544072700878845,21.1943961834085,190.462293885648,9.61917554098984,0.560281768837803,21.4894680223967,29.9122990518809,9.64645763604264,0.565011574074074,21.0711639949254,29.9122990518809,7.77645342903477,0.567199900793651,22.1016885969374,26.2184990793467,8.16991102695465,0.569252829218107,22.2436997890472,24.9998991638423,8.44198741018772,0.569645543981481,21.9816425868443,24.9769991636277,8.3501927767481,0.570033068783069,21.7669496536255,23.1305992603303,8.61945823828379,0.570414737654321,22.1144798278809,7.36259961128235,9.38705989718436,0.570789351851852,23.3070998191833,7.36259961128235,10.2640748769045,0.571157407407407,18.717118291971,26538.8082204231,11.8900277479882,0.503172761566982,23.6830997467041,7.1083996295929,7.92634990811347,0.571875,23.7957992553711,3.77479982376099,8.70425015687941,0.572222222222222,24.3752994537354,0.470599979162216,9.55019944906237,0.572905092592593,33179156.9406521,12686729.7526576,35.627488605676,70.6002729353829,369.861320558447,466.025263903643,466.025263903643,99.7317814650435,1.07497448710648,102.493882652143,104.308040750378,105.017209551222,105.56325987694,106.686414221937,108.145896446546,109.788202173794,109.54815609635,109.616658978297,110.097191412802,115.091906380321,122.704161301881,117.457370503726,76.5917889185011,69.8934267429908
"Bandera_2020_03",2021,"primary",789.72086079636,18.8659158778458,12.3140125796878,0.673730130288464,1.26,33179156.9406521,12698087.0159381,35.6535223955503,68.4712109692558,359.121358827821,452.492912123054,452.492912123054,102.103200768655,0.891471614606772,1.26,33179156.9406521,12547447.556611,35.3236387074902,88.8492448013154,458.34858054431,577.519211485831,577.519211485831,85.3949699262626,0.715532364140817,1.26,33191492.598444,11795976.5418681,33.3608378797547,471.71311572247,2381.82672147093,3001.10166905337,2560.45272272767,89.1982100404147,0.526965280025424,18.8941706610987,600.47058686777,12.2579158218397,0.503036858974359,21.7682398999675,315.985890001059,11.2609249818861,0.558283135663754,23.5626824912378,306.136790238321,10.955794620817,0.571665293471438,25.4414993154592,114.789096392691,12.2555048969285,0.580255028735632,26.965073033383,45.3906979933381,14.4209522950022,0.581610014619883,27.0354136058262,44.0251979827881,15.9885745601995,0.581962632275132,27.1192660861545,24.5213985443115,15.1793716417419,0.582092335390947,27.2211618423462,24.5213985443115,14.7787557169795,0.582092013888889,27.3884280068534,24.5213985443115,14.4318709458624,0.58208167989418,27.49089940389,24.5213985443115,13.8163662056128,0.582062114197531,27.3774394989014,24.5213985443115,13.7169895291328,0.582034722222222,27.5207996368408,0,13.5457120835781,0.581996527777778,18.7355714384744,26661.9135163866,11.8893891250159,0.503395095695372,27.8278999328613,0,14.4765745997429,0.581892361111112,27.8894996643066,0,14.5049493312836,0.581828703703704,27.1541996002197,0,15.8917996883392,0.581666666666667,33179156.9406521,12783822.1305673,35.8006334447932,46.810365829968,249.778421573828,314.720811183023,314.720811183023,91.5120524635783,1.07497448710648,83.3557182647712,85.1346560089461,86.9647635836126,88.8430760968012,90.7718470425811,92.7423521767447,91.1243449917809,90.3481038302591,90.1462567631833,90.359138425398,92.3358955928054,95.3065212050442,103.895590876546,114.120101542931,87.2798858002361
"Bell_2020_05",2020,"initial",951.219300947835,19.5687604268115,11.7416849400836,0.625636428825748,1.26,32766516.0193079,11707597.9001668,33.163331910905,306.066779056096,1530.34096326018,1928.22961370783,1928.22961370783,124.99674798999,0.623226806841068,1.26,32767828.9099386,11705819.9014696,33.1746678698241,325.724814761654,1622.85041344806,2044.79152094455,2044.79152094455,132.740955483122,0.648154284399598,1.26,32753066.9308478,11518946.3410918,32.6524199354905,233.595676996671,1163.16075055983,1465.58254570538,1246.64917361813,135.118414956301,0.649850522909218,19.7013171537073,793.243998991209,10.9694574236573,0.503115810693936,21.6368141013585,261.945000909269,11.0767696656213,0.554520781315023,23.9441723581088,138.329000912607,13.1292458015605,0.570160663841808,25.8880614576668,59.5440014228225,15.082189721794,0.581667464878672,26.547351937545,1.49300003051758,17.274157989182,0.584112451267056,26.9837421689715,0,19.1830715324197,0.585016534391534,26.0696216159397,0,20.4636112915145,0.585697016460905,25.9346368312836,0,19.3156876936555,0.585805844907407,26.2813851492745,0,19.1522144845554,0.585904431216931,26.5744660695394,0,18.7520834902922,0.58599537037037,26.9570594787598,0,18.780200111866,0.586076388888889,27.2985997200012,0,18.5453751534223,0.586145833333333,19.3231955172531,28078.4455325617,11.2522693135485,0.503438241265759,27.5404996871948,0,18.7065000832081,0.586261574074074,27.3055000305176,0,19.0459997653961,0.58630787037037,27.7259998321533,0,16.6099991202354,0.586365740740741,32765022.4556547,11674755.3628203,33.071366414208,284.71609880262,1424.50422238138,1794.87532020053,1794.87532020053,119.302306852515,1.07281664191509,94.7357844340824,96.510860668899,98.3241806253916,100.179812395477,102.076180122053,104.010280906621,105.98005159354,107.984023385209,110.023213481572,112.095249650732,123.135740719379,134.96250471923,151.237485450992,179.496722319475,204.009252171799
"Bell_2021_08",2021,"initial",938.919054908484,19.5833561532944,11.9931752532133,0.996958919732001,1.26,32752341.9356246,12311190.3599293,34.7699322596483,88.4593843864007,446.75291180867,562.908668878925,562.908668878924,97.5379009308595,0.837825416229284,1.26,32752341.9356246,12122497.4570711,34.3151234454547,107.255022423904,534.191928032073,673.081829320411,673.081829320411,97.667799619059,0.730471048197574,1.26,32765113.7440468,11558704.6193414,32.7468509491176,468.87231093596,2343.1137111858,2952.3232760941,2485.71058011943,115.780098409834,0.63677240015098,18.8585451391863,761.473495326936,11.1259686002753,0.503140516890517,18.0125928568036,214.211594734341,8.41053065532044,0.53101578755722,19.3130486860114,194.163995150477,8.30911928491067,0.549479755178908,21.4355477300184,165.215195182711,7.35505502850845,0.566041267560664,21.5032573499178,111.456197027117,6.52849192760493,0.570785209551657,22.086992263794,96.0832978487014,6.68111409246922,0.572955522486772,22.5974771711561,33.4095990657806,6.18696653180652,0.57497299382716,22.9467244148254,26.7637994289398,6.43451235815883,0.575357349537037,23.4573565891811,26.7637994289398,6.77487127695765,0.575734126984127,23.6571826934814,26.7637994289398,6.51050824423631,0.576103395061728,23.4660594940186,26.7637994289398,5.95821992754936,0.576467592592593,23.4294996261597,15.4934995174408,6.03771238774061,0.576822916666667,19.3735301054725,28820.9948042016,11.6710770916698,0.503277560705242,24.7441492080688,3.82279992103577,8.64109987020493,0.577511574074074,25.3472995758057,0,9.71324998140337,0.577847222222222,26.636999130249,0,10.899749994278,0.578483796296296,32752341.9356246,12473567.2936593,35.1101974482001,68.3646059708001,352.397374921457,444.020692401036,444.020692401036,111.450362577307,1.0619273124623,110.720889540292,112.97746794673,115.262674141094,116.592491286505,117.229986955569,117.32399460278,116.389625518346,116.239874957151,116.616705314487,117.359289183958,107.581539906216,98.3860481381138,89.8637443470981,72.1365070869846,80.8244661382154
"Bell_2021_08",2021,"primary",938.919054908484,19.5833561532944,11.9931752532133,0.880492352244789,1.26,32752341.9356246,12470022.7016146,35.101450316391,69.0765607803915,355.975443637811,448.529058983641,448.529058983641,110.747225425353,0.986938038837159,1.26,32752341.9356246,12304716.438544,34.7562526364438,89.0936515222548,449.599850935526,566.495812178763,566.495812178763,97.3424520261758,0.832520169899744,1.26,32765113.7440468,11558704.6193414,32.7468509491176,468.87231093596,2343.1137111858,2952.3232760941,2485.71058011943,115.780098409834,0.63677240015098,18.8288020022459,824.232996068895,10.803755796494,0.503115111161986,21.4200117882718,293.29749501124,9.39569078804402,0.560317051602164,23.6910603410107,264.348695043474,9.37193369107731,0.574598830822348,25.9743854259623,99.1334998607635,11.5435531802219,0.583969109195402,27.4238991988333,15.1581001281738,13.65354705798,0.585531189083821,27.7939563478742,5.71880006790161,14.9992639081819,0.585973048941799,27.6038324568007,5.71880006790161,14.8382717569669,0.586181841563786,27.5811240673065,5.71880006790161,14.5210307911038,0.586195023148148,27.4236275809152,5.71880006790161,13.8820996029036,0.586198743386243,27.6391824086507,5.71880006790161,13.6017495493094,0.58619212962963,27.7949192047119,5.71880006790161,12.9021596193313,0.586175925925926,27.7123494148255,5.71880006790161,12.9074120670557,0.58615162037037,19.3891898903008,28929.903003512,11.668275672661,0.50348445559216,28.9456491470337,0,14.3386994600296,0.586070601851852,29.1792984008789,0,15.0435996055603,0.586018518518518,29.1974983215332,0,15.1614998579025,0.58587962962963,32752341.9356246,12567468.5541012,35.2608695746299,47.5085688052441,250.090230626943,315.113690589949,315.113690589949,121.557691856515,1.0619273124623,76.059302737844,77.7381695703378,79.4644863222273,81.2370243768763,83.0436212519243,83.9102427462327,85.0778308806839,86.4487033494282,87.9693699128113,89.6152219909393,99.1766190708029,109.606601787668,121.66511436046,104.675005699667,88.2302800360296
"Bexar_2019_13",2020,"initial",760.045378439726,21.4078237070701,13.1081378454866,0.500328654651435,1.26,33412915.7145119,12013731.9814951,33.7749114016022,310.357266719933,1628.6664122954,2052.1196794922,2052.1196794922,66.4258605918292,0.499817575385784,1.26,33414154.6940943,12011197.0377401,33.7831763757707,330.290109948493,1727.477877811,2176.62212604186,2176.62212604186,66.5400725105307,0.514624687813797,1.26,33400126.8354692,11827258.0141535,33.2901865854768,473.340742505434,2466.09389165201,3107.27830348153,2643.29012822855,79.7611526445172,0.490004026325172,21.6124132838878,567.033998028608,13.3471483541393,0.502996604090354,23.2827297596449,278.065998056903,12.8571854363499,0.549820406783188,25.3522891998291,183.607998559251,15.3145000827262,0.564486228813559,26.5700097577325,114.108998158947,14.4117069110788,0.575408285440613,26.5257942802028,28.5259992871434,14.7631053108918,0.577784478557505,27.0779709134783,0.257999995723367,16.4004643676537,0.578683035714286,26.716010623508,0.247999995946884,18.1672779089875,0.579375,26.2829494476318,0.247999995946884,18.0630002580583,0.579489293981482,25.806156703404,0.247999995946884,18.1599288625377,0.579594907407408,25.9811162948608,0.247999995946884,17.7084169536829,0.579691358024692,26.1271595001221,0.247999995946884,16.6799002110958,0.579777777777778,26.2034497261047,0.247999995946884,15.7315000221133,0.579855324074074,21.1721541616194,22992.2046744772,12.4594451488138,0.503288370148293,26.6259498596191,0.247999995946884,13.6655000299216,0.579988425925926,25.9533996582031,0.247999995946884,14.1674999594689,0.580046296296296,27.4253997802734,0,16.0464999079704,0.580115740740741,33411506.6233163,11982820.9677478,33.6903773158559,288.988616206215,1516.75934093521,1911.11676957836,1911.11676957836,67.6928123855157,1.07217915720691,63.4780146989779,65.0287310588146,66.5352620169966,68.1348163286446,69.7994947642722,71.5179729703976,73.2909681736762,75.1156695253282,76.9903513311345,78.9273216149548,89.4528014908957,95.8263399107438,94.7976568468343,71.3841264886492,70.3620747852052
"Bexar_2019_13",2020,"primary",760.045378439726,21.4078237070701,13.1081378454866,0.479413278986836,1.26,33411456.3140205,11981107.0103097,33.686299679787,288.260137846413,1512.72425710593,1906.03256395347,1906.03256395347,67.687664334203,0.501663245575212,1.26,33412871.6678128,12013228.8692692,33.7733244154967,309.660907195025,1625.10641324261,2047.63408068568,2047.63408068568,66.4379074371361,0.50078014049464,1.26,33400126.8354692,11827258.0141535,33.2901865854768,473.340742505434,2466.09389165201,3107.27830348153,2643.29012822855,79.7611526445172,0.490004026325172,21.6598399320802,502.558997218264,13.5051675906637,0.503031676078551,26.969259990735,192.095998493489,16.6780057055562,0.569190595089471,28.2857281313104,122.867998091038,17.0434746431597,0.576464414626491,30.0338026244065,8.75899993209169,19.7828794157711,0.576969189016603,30.9346465060585,0.00400000018998981,22.7568949272758,0.575438596491228,31.3326706205095,0.00400000018998981,24.710607362645,0.574365906084656,31.4836879306369,0,25.9212780925963,0.573099279835391,31.5489115715027,0,26.6237502843141,0.572822627314815,31.4963989257812,0,26.8045716200556,0.572539682539683,31.4627154668172,0,26.8260002036889,0.572249228395062,31.4495586395264,0,26.9405004143715,0.571951388888889,31.2294487953186,0,25.6667503416538,0.571646412037037,21.1953513993064,23001.2116744053,12.4759511469563,0.503503729066246,30.5199489593506,0,23.3492501080036,0.571018518518519,30.0099983215332,0,23.6470004320145,0.570694444444445,28.6733989715576,0,18.1239992976189,0.570023148148148,33409831.7946431,11922434.9308434,33.5346500692899,266.207602352116,1394.02785200473,1756.47509352596,1756.47509352596,65.7076803340574,1.07217915720691,20.0119933437676,20.3333338686302,20.6700753229472,21.0228477601202,21.3921921695694,21.7786812503454,22.1828337432581,22.6047583030095,23.0453470047573,23.5055149951301,26.1260807784543,29.3628204049388,36.7238760677943,65.6036619353172,59.8273659123552
"Blanco_2019_16",2020,"initial",834.882953140815,19.2132117630629,11.5778997798189,0.49999462604492,1.26,33157289.615632,11958974.6002122,33.7840578832013,310.373779179712,1578.07876731952,1988.3792468226,1988.3792468226,77.176603570753,0.548788410830864,1.26,33158551.0346572,11956028.4027088,33.7899977762542,330.164152937962,1673.55683200923,2108.68160833162,2108.68160833162,77.6341863284608,0.566640066168582,1.26,33144170.1403759,11771843.4825042,33.2828663416978,236.022164321667,1194.11514122471,1504.58507794314,1266.31795670352,95.5464158108426,0.555987460694884,19.452573440969,726.790002441732,11.0367527462817,0.503044712810338,21.0228735677312,377.183000589604,11.1190224799715,0.55041822721598,23.0055706056498,273.519001508947,13.1708135700516,0.565707587884495,24.7414372542809,108.825001174468,13.7963448155928,0.577251756066411,24.6102835002698,2.9990000257967,14.3057632170814,0.579822733918129,25.1249279294695,1.05500002007466,15.805142919799,0.580812665343915,24.7007662455241,0,18.1769446631273,0.5815920781893,24.4731245040894,0,18.5703752413392,0.581721643518518,23.9729995727539,0,18.7695717215538,0.581841931216931,23.5941661198934,0,18.0888336201509,0.581954089506173,23.7438194274902,0,17.6629003882408,0.58205787037037,23.836549282074,0,16.7585002630949,0.582152777777778,18.9593230007957,26039.5433023581,11.1393497489448,0.503337223281063,24.5724496841431,0,15.445500254631,0.582320601851851,25.6849002838135,0,14.8730003237724,0.582384259259259,25.8958988189697,0.890999972820282,14.4270002841949,0.582488425925926,33155855.3994802,11929181.9021475,33.6995203221102,289.012289868524,1470.65943613195,1853.03088952626,1853.03088952626,77.0876215598574,1.06146501361597,111.096062690159,112.996155458247,115.237396008296,117.574831606612,119.969463184785,122.411980427632,124.896576442077,127.413078564159,129.983269349231,132.609333512793,146.121354198933,159.229605493325,164.22444146549,121.350091197659,109.157553248007
"Brazos_2020_16",2021,"initial",1079.51674782954,20.093513845363,10.8629216276415,1.27669254650297,1.26,32798938.2432806,12293175.2909186,34.6736276952035,86.8913009804477,442.507152152733,557.559011712444,557.559011712444,143.303583420843,1.09822631691571,1.26,32798938.2432806,12105646.9321882,34.228233628082,105.708668142126,530.459312952453,668.37873432009,668.37873432009,150.342969987649,0.978715875570707,1.26,32811663.4309281,11526009.8833961,32.6408451772952,234.175896733964,1171.84421558331,1476.52371163497,1262.37369528014,117.981672707115,0.731442199611121,19.6731357563819,961.213881084696,10.038735378902,0.503127098595849,19.0681567888581,301.469290875131,8.06427166384927,0.53315009883479,20.5707554089821,259.642392598325,7.91119554664119,0.551353578154426,22.9116303674106,205.242694443325,7.47987392904429,0.567493614303959,22.9978519238924,148.601795500377,6.58965774507899,0.572048611111111,23.8003277097429,129.262596434215,6.67062840504306,0.574114583333333,24.6039212544759,81.7752982378005,6.80573876036538,0.57602237654321,24.6899240016937,81.7752982378005,6.634337361902,0.576383101851852,24.6721561976841,80.1071982383727,6.55630703057561,0.576737764550265,24.7145156860351,49.3585982322692,6.69919991493224,0.577083333333333,25.2436389923096,37.2820982933044,7.48702990710735,0.577423611111111,25.6274237632751,32.8310985565185,8.3409373871982,0.57775462962963,19.9624034305627,33132.6700057829,10.5404329384052,0.50328115044816,25.454698562622,6.04199981689453,9.19459989666938,0.578396990740741,24.0719985961914,6.04199981689453,7.55984991788862,0.578703703703704,25.1626987457275,0,11.4802495539189,0.579305555555556,32798938.2432806,12451298.8319197,35.0010145463628,66.7094560637987,346.832632112846,437.009116462186,437.009116462186,152.214559402258,1.0781084142572,160.413778548482,163.090771911467,163.715408044673,165.400745597932,167.513390854564,165.331561345777,163.874592590137,161.895821573971,157.489530383332,154.299977214854,139.958522178343,132.376897909752,127.891861277828,122.082742110855,140.966882231826
"Brazos_2020_18",2020,"initial",1102.33387189916,20.4048805740798,11.1002075460195,0.797039826629608,1.26,32967995.0893052,11782572.0149915,33.2783278427201,306.698687783912,1561.38424478567,1967.34414842995,1967.34414842995,139.819935003395,0.786627231907444,1.26,32969292.4738511,11783426.0855889,33.2920559466663,326.685854611762,1658.7339530254,2090.004780812,2090.004780812,142.432132292374,0.782395570392487,1.26,32954806.0378783,11590871.022822,32.7787305963029,468.930397420513,2368.95990048818,2984.88947461511,2540.35821991403,133.233486752256,0.738790971839655,20.9243893557852,823.751999842469,10.8055673189292,0.503078099562475,23.0039072358206,309.732999771833,11.005882054065,0.554218815022888,24.8436958830235,222.08899885416,12.8014915709273,0.569325761142498,26.5709060800487,133.952999532223,13.8847931602906,0.580275782247765,27.2477782400031,11.1960002779961,15.6193948607696,0.582540204678363,27.3650992257254,10.6540002822876,17.1200716303928,0.583357308201058,26.53323258294,0,18.1022225850158,0.583954475308642,26.8284492492676,0,17.9875629208982,0.584046585648148,27.0571705954415,0,17.724571870906,0.584130291005291,27.2712825139363,0,17.6651672075192,0.584203317901234,27.6087593078613,0,17.5449005782604,0.584268518518518,27.7460994720459,0,17.5295005366206,0.584322916666666,20.1896182033796,32753.4380880281,10.6422817944814,0.503400992020462,27.768949508667,0,17.5830003619194,0.584409722222222,27.8964996337891,0,16.7460005879402,0.584444444444444,27.8659992218018,12.3190002441406,15.6209999024868,0.584467592592593,32966518.7551667,11749208.747391,33.1854987072321,285.320125378673,1453.22494800106,1831.06343448134,1831.06343448134,140.057128337475,1.073005979553,114.879627961756,110.862363930859,110.99931408612,112.208366642232,113.8732982948,115.790667207593,117.866656227896,120.049353540855,122.316239999252,124.649190817345,136.434153289232,147.171163102364,152.648075346077,144.514353502657,157.316632425617
"Brazos_2020_18",2021,"initial",1102.33387189916,20.4048805740798,11.1002075460195,1.26082117866583,1.26,32942225.711902,12357799.9787738,34.7873011330826,86.9059911550564,448.532263493254,565.150652001501,565.150652001501,187.910281459279,1.20443811435541,1.26,32942225.711902,12170666.6935507,34.3472077860221,105.787109774613,537.645877440698,677.433805575279,677.433805575279,190.241135902388,1.0647519776411,1.26,32954806.0378783,11590871.022822,32.7787305963029,468.930397420513,2368.95990048818,2984.88947461511,2540.35821991403,133.233486752256,0.738790971839655,20.106323617032,1029.31558684423,10.1853782106396,0.503100548178673,19.6507692015573,413.941087938845,8.52932507285241,0.532642790262172,21.2695944349645,373.331089355051,8.63832436678773,0.550554967043315,23.6474581093624,250.386995173991,8.47122565528442,0.566433189655173,23.8104522102758,178.23849568516,7.82165506168416,0.570913742690059,24.4405637468611,148.032196857035,7.56100695260933,0.572946428571429,25.3131105634901,50.7502980008721,7.80925542778439,0.574822530864198,25.4298493862152,50.7502980008721,7.62429986149073,0.575177951388889,25.4070993150984,50.6926980018616,7.45454267093114,0.575525793650794,25.4709660212199,38.2556986808777,7.59875811139743,0.57586612654321,26.0072593688965,25.3829989433289,8.46875974535942,0.576199074074074,26.319399356842,12.8755993843079,9.13139969855547,0.57652488425926,20.1748932776112,33758.68207521,10.6216883097176,0.503251738352331,26.3644990921021,9.06489944458008,10.5008746683598,0.577158564814815,24.9606990814209,9.06489944458008,9.16689974069597,0.577465277777778,25.793098449707,0,12.8912000060082,0.578055555555556,32942225.711902,12513998.028782,35.1107170507514,66.6428691623597,351.08442278572,442.366372710008,442.366372710008,198.39370737155,1.073005979553,221.80725989619,224.508474632956,224.158479452889,225.37506295298,227.212523024524,228.683183785663,229.710609787742,229.503381933228,228.544155505405,228.300547684056,225.967140672912,222.262245345111,220.09420059228,188.102378392169,191.949001869089
"Burnet_2020_12",2021,"initial",815.29965402009,19.3106410504528,11.626060137307,0.815517325935404,1.26,32835268.3028568,12369577.2855604,34.9247064850002,89.2540178790153,451.756069575062,569.212647664579,569.212647664579,95.1932977916849,0.704052331473715,1.26,32835268.3028568,12180608.1300363,34.4689356358245,108.02229534788,539.274870791891,679.486337197782,679.486337197782,92.7731285320457,0.661155589338124,1.26,32847956.976769,11625365.80648,32.923092667136,470.024398154874,2354.78079211247,2967.02379806171,2526.5729666157,102.185210699489,0.550424337901832,18.5983357840514,649.218993689865,11.1991864692304,0.503126844220594,17.6244445007839,239.843694344163,8.78222676835368,0.529593736995422,18.9225249532926,191.352996319532,8.91895826400842,0.54796512084118,21.0176753997803,157.733896642923,7.48118775646234,0.564531050446999,21.0460731104801,90.8921973407268,6.89176561448135,0.569306164717349,21.0628066062927,78.5479978621006,6.45903555995652,0.571499669312169,21.7492991553412,72.9762980937958,6.24495542628897,0.573545524691358,21.7562115192413,61.9316985607147,6.00743737351149,0.573935185185185,22.1598276410784,47.4343993663788,6.38110700143235,0.574318783068783,22.7841157913208,46.6802994012832,6.76133320356409,0.574695216049383,23.0469390869141,46.6802994012832,6.29503996670246,0.575064814814815,22.8164992332458,45.3211994171142,5.45673742517829,0.575428240740741,19.038563069213,25289.9556011786,11.1533937708644,0.503254312645979,24.1173496246338,26.7160997390747,8.52132490277291,0.576134259259259,24.3118000030518,5.47889995574951,10.4799501299858,0.576469907407407,25.4268989562988,0,10.3250493109226,0.577141203703704,32835268.3028568,12532799.9675585,35.2685051860521,69.189699347713,357.29233412343,450.188340995522,450.188340995521,105.179210629892,1.07457475149169,115.853456046318,118.062941108654,118.422782416651,114.245847876308,111.420931432721,107.881181983979,105.655633071924,104.429700980083,103.788160773513,102.146044995461,95.1902194608015,92.9838778160247,90.3540852574164,77.1290947446925,79.0093172494185
"Burnet_2020_12",2021,"primary",815.29965402009,19.3106410504528,11.626060137307,0.662032967463868,1.26,32835268.3028568,12532799.9675585,35.2685051860521,69.189699347713,357.29233412343,450.188340995522,450.188340995521,105.179210629892,0.815517325935404,1.26,32835268.3028568,12369577.2855604,34.9247064850002,89.2540178790153,451.756069575062,569.212647664579,569.212647664579,95.1932977916849,0.704052331473715,1.26,32847956.976769,11625365.80648,32.923092667136,470.024398154874,2354.78079211247,2967.02379806171,2526.5729666157,102.185210699489,0.550424337901832,18.5893586014326,745.54618981108,10.918603330223,0.50309978505291,21.2218107159218,327.549193590879,9.93653119372183,0.559775540990429,23.4207587807865,293.93009391427,9.74724040003651,0.573923414940364,25.7546649143614,136.196197271347,11.9933685984077,0.583204821200511,27.2357100436562,28.2044994831085,14.2301442387857,0.584752071150098,27.4761137281145,24.0951995849609,15.6906780643123,0.585189318783069,27.2791105906169,24.0951995849609,15.5364883409606,0.585394804526749,27.25514960289,24.0951995849609,15.1113931909204,0.585407986111111,27.1381424495152,24.0951995849609,14.4052852136748,0.585411706349206,27.3373664220174,24.0951995849609,14.1451494197051,0.585407021604938,27.4345996856689,24.0951995849609,13.2677894353867,0.585391203703704,27.3195996284485,24.0951995849609,13.2088119983673,0.585364583333334,19.0550179558092,25447.3777982821,11.1527218890463,0.50346569685701,28.5674495697021,0,14.9003242105246,0.585283564814815,28.6522998809814,0,15.4289992451668,0.585231481481482,28.5462989807129,0,14.6698499917984,0.585104166666667,32835268.3028568,12629910.0712054,35.4272481888936,47.6000175663536,251.033505600067,316.302217056085,316.302217056085,112.12848814824,1.07457475149169,106.393212638174,108.53458805167,110.72431531374,112.960537329199,115.219371945179,113.38491031446,112.674327643429,112.680497535867,113.176961402219,114.035931455187,121.533828235175,131.676300515839,138.642347406525,114.498216331971,97.6335122986367
"Burnet_2020_14",2021,"initial",764.461127818997,19.4774852371757,12.3780900435649,0.887621173570605,1.26,32829790.0185354,12365238.019562,34.8841123289337,89.2550679372445,454.301173215339,572.419478251327,572.419478251327,98.4086323983723,0.752468090683395,1.26,32829790.0185354,12175220.8945252,34.4286223228364,108.056666920494,542.13420982647,683.089104381352,683.089104381352,91.2551857034131,0.712039009321444,1.26,32842484.2077182,11613024.9787547,32.8836967642173,234.878427944937,1177.84561727581,1484.08547776753,1264.59062429072,87.3725157532847,0.516043569299424,19.0195816417972,666.144484062679,11.848662409872,0.503127893518518,18.0080691776919,277.084292800166,9.27176547128844,0.529611293175198,19.3602468846208,221.425595507957,9.4866946713224,0.547993369428751,21.4690578723776,192.488096483052,8.06887912972688,0.564569364623244,21.5029044904207,79.6873982027173,7.48231823114973,0.569348806042885,21.4885349273682,64.6093986034393,7.05419979244471,0.571543485449735,22.1076990763346,58.2952987551689,6.82631643282043,0.573590534979424,22.109099149704,43.7286989092827,6.62739979475737,0.573981481481481,22.4618562970843,40.8670989871025,7.02434976611819,0.574365079365079,23.0931990941366,40.7352989912033,7.41112477829059,0.574741512345679,23.3617191314697,40.7352989912033,6.89343979358673,0.575111111111111,23.1945242881775,40.7352989912033,6.03964982926846,0.575474537037037,19.1068955106085,23162.3761153209,11.5440024316469,0.503255460669002,24.5328989028931,11.5489999055863,9.50127479434014,0.576180555555555,24.7393989562988,10.4191999435425,11.679999768734,0.576527777777778,25.4445991516113,0,10.9205501377583,0.5771875,32829790.0185354,12529020.2064522,35.2277036881665,69.1535854249128,359.253335580578,452.659202831528,452.659202831528,112.494835572553,1.07455691061091,115.990827957992,118.385933672357,117.243970777501,117.558921788281,118.087899953722,114.723170153873,112.913644517941,112.08312299178,111.889756015479,111.875932133261,109.406943439045,110.722225943072,108.178506306764,81.2251843796856,74.7126582634288
"Comal_2020_19",2021,"initial",845.389759152445,19.293573979505,11.5468946667983,0.975736218589972,1.26,33124641.2299713,12490045.0696537,35.1793328528063,89.9740201898301,462.747454335393,583.061792462596,583.061792462596,89.3959418303621,0.787875995226615,1.26,33124641.2299713,12301915.1935216,34.7316024247764,108.74363093321,551.233105500278,694.553712930351,694.553712930351,86.5640514085906,0.722049972522006,1.26,33137033.7653933,11755043.0327224,33.2379821862274,235.792605948894,1192.24478164014,1502.22842486658,1259.19890369121,98.5771336403428,0.563730084294522,18.8659912955302,603.656592119485,10.9672478536255,0.503074792684168,18.0073625478852,248.63789637282,8.78032168872351,0.527558000416146,19.5254572367264,206.515797051485,9.10837859996216,0.545403130885122,21.3424893083243,196.425997200306,7.5244170539322,0.561573674968071,21.4255732486122,97.2556993690086,7.3460050884046,0.566264010721247,20.8666996274676,97.2540993690491,5.80201058728354,0.568426752645503,21.8822106255425,79.1349995136261,5.95978872312439,0.570448816872428,21.6726744174957,77.6408995389938,5.86814986169338,0.570836226851852,21.5290851593018,64.7453001737594,5.76777130791119,0.571216931216931,21.7400493621826,38.9090002775192,6.06249153117338,0.571591435185185,22.5291194915771,37.430700302124,6.33539986908435,0.571958333333333,22.7201495170593,37.430700302124,5.39182493463158,0.572320601851852,19.0374977621136,27013.7482825961,11.1477675149372,0.503189662148408,22.9567489624024,16.0430998802185,4.82552483677864,0.57302662037037,24.4895992279053,9.11940002441406,7.90434971451759,0.573368055555556,26.1427993774414,0.468299984931946,10.0314995646477,0.574027777777778,33124641.2299713,12647421.4705449,35.5196783006403,69.7939550509033,365.446958583443,460.463167815138,460.463167815138,103.055003916513,1.05748177703552,122.911605341476,125.165225002263,124.474997225386,123.550005810214,119.700971603402,117.728207701664,116.944674952828,116.706830533363,114.066764510791,111.010316917427,104.557474512163,101.672106404952,94.5343032964127,70.3382742603146,71.8136855017239
"Comal_2020_21",2020,"initial",881.040012948122,19.8746771820306,12.1360629358544,0.517879933308936,1.26,33226298.704724,11969421.7216236,33.7757675952467,310.282372849409,1589.45181425767,2002.70928596467,2002.70928596467,78.9792820030159,0.563759497958985,1.26,33227552.7626998,11966559.8081368,33.781663838561,330.115948694668,1685.87994287519,2124.20872802274,2124.20872802274,78.4862472587495,0.569983714181838,1.26,33213255.7885671,11785898.0316943,33.2786786511336,236.310991628812,1205.78479166113,1519.28883749303,1271.06954413562,102.018187404589,0.580861056792028,19.9869352775616,690.245998319006,11.8572088037256,0.503031517094017,21.5918825878186,307.270999516244,12.1336629605025,0.550022367873492,23.5502231888852,225.553000633605,14.4354915558913,0.565186754551161,25.1681683639,62.9749980568886,14.8244998992003,0.576633939974457,25.0233731520803,2.9030000269413,15.1275787447628,0.579181895711501,25.5794279915946,1.85000002384186,16.6579640539629,0.580164517195767,25.243588341607,0,19.1117774645487,0.58093878600823,25.0425493717193,0,19.5550621524453,0.581067708333333,24.515485218593,0,19.6061425634793,0.581187169312169,23.9983994166056,0,19.0323329071204,0.581298225308642,24.1403793334961,0,18.5798996567726,0.581400462962963,24.2641243934631,0,17.5897496789694,0.581493055555556,19.6125776786304,26870.5221775152,11.5995398866429,0.503322101445533,24.7967491149902,0,15.8645001649857,0.581655092592593,25.5859985351562,0,14.5100003480911,0.581724537037037,26.2174987792969,1.98399996757507,15.9575002789497,0.581828703703704,33224872.8579844,11939622.7571031,33.6919188801204,288.940922499262,1481.11240989746,1866.2016364708,1866.2016364708,79.9967040009729,1.05514803612647,77.9649831592125,78.7017402478884,80.144422932512,81.7922853757843,83.5489524444522,85.3844509129234,87.2844112104317,89.240777900987,91.2637178919511,93.3512330731404,104.564713363351,116.145932294938,127.926938122463,96.0259294776537,87.6155880678334
"Edwards_2019_17",2020,"initial",560.575527026768,19.0463695867998,12.1026647023368,0.317145107510812,1.26,33168918.3157583,12061638.8611178,34.0298491852222,314.39621210188,1613.01118234256,2032.39408975162,2032.39408975162,45.8378487388775,0.310159182206858,1.26,33170168.1260843,12057779.2047696,34.0306998604195,334.428701236723,1711.21711800877,2156.13356869106,2156.13356869106,49.8608914006924,0.35018131484937,1.26,33155722.5827221,11867894.4249761,33.5228661405494,238.275916751121,1212.28250059519,1527.47595074993,1274.16970311385,58.3882509823957,0.367856923778098,19.4741261814322,487.982997873216,12.33622390496,0.503043154761905,21.3716510279795,201.596999853849,13.0975506291869,0.548517868289638,23.264861963563,76.9250005781651,15.7198899521855,0.564102715003139,24.8485681599584,47.2090006172658,16.7559312706621,0.57615940293742,24.9935939186498,19.0810009241104,17.716026539081,0.578954678362573,25.6775704792568,19.0810009241104,18.799678816327,0.580065310846561,26.3022433386909,0,23.2048891584079,0.580972222222222,26.2352113723755,0,24.1403127610683,0.581127025462963,26.133527483259,0,24.9243574142456,0.581274801587302,25.8422155380249,0,25.3919169108073,0.581413966049383,25.0623588562012,0,25.5499002456665,0.581543981481482,24.7978239059449,0,24.7826251983643,0.581663773148148,18.8289533556342,17488.109902486,11.6789526688362,0.503320232049746,24.7679491043091,0,24.328750371933,0.581875,24.7089996337891,0,23.277500629425,0.581967592592593,24.4324989318848,0,20.4190003871918,0.58212962962963,33167498.0767515,12032673.6470806,33.9500244149301,292.875990156409,1503.11668369829,1893.92702145985,1893.92702145985,44.7826328570353,1.05174283427295,37.9763448962301,38.7570148642687,39.5655136403156,40.4025769931979,41.2692551270818,42.1657272881803,43.0943795372443,44.0590765560413,45.058130322752,46.0914667157792,51.7584451550024,52.9368680781642,52.2034327724522,56.7588905558413,75.4687802936031
"Fayette_2019_04",2020,"initial",1018.42798391715,20.5806033056047,11.0562001731117,0.71105304677031,1.26,33119692.4613988,11863063.1010647,33.4583902076118,307.182274554489,1579.2538282609,1989.85982360874,1989.85982360874,106.293945697246,0.720418872439903,1.26,33120973.7344265,11863777.8696369,33.4719708608146,327.191765431311,1677.60772925309,2113.78573885889,2113.78573885889,105.741066345997,0.708264581130491,1.26,33106667.1976813,11672039.1834552,32.9646782540062,235.227985447403,1198.31814919904,1509.88086799078,1296.89469496952,120.628538685841,0.674629281216185,21.0619036224517,773.106002612854,10.630179949111,0.503050658831909,23.0152420944042,236.875999791548,10.7907190753168,0.553304593216812,24.7955824318579,173.288999296725,12.5568304809473,0.568146774952919,26.4102649031014,56.9659992530943,13.3904826946813,0.578902458492976,26.9547152268259,11.8300001993775,15.1001315218838,0.581126340155946,27.0896636417934,3.99000000953674,16.77167849562,0.581929563492064,26.1868548923069,0,17.7992777327696,0.582515432098765,26.4312243461609,0,17.5796248354018,0.582607060185185,26.6338280269078,0,17.2147855290345,0.582688492063492,26.8801495234171,0,17.1927497833967,0.582760416666667,27.2065795898437,0,17.0487998425961,0.582824074074074,27.4753494262695,0,17.1635000407696,0.582879050925926,20.3342291153129,30978.553756473,10.7630188723735,0.503367373525352,27.5182495117188,0,17.1697495728731,0.582962962962963,27.7919998168945,0,16.0989997237921,0.582986111111111,28.5103988647461,0.941999971866608,14.3245000988245,0.583020833333333,33118234.461057,11830239.7100086,33.3666452256892,285.808815022605,1470.220014802,1852.47721865052,1852.47721865052,107.902989096617,1.08269503647613,51.6751650581579,52.305732834251,53.2844597908716,54.3768880088163,55.5374971293258,56.7527540851969,58.0142464877288,59.3187580027751,60.6656718685262,62.0547844771774,69.4084837970097,75.8632932211385,85.7832464356176,84.3730314209977,88.6391664145444
"Fayette_2020_09",2021,"initial",1003.95001981525,20.786638208173,11.0408554989727,1.86738869472679,1.26,33175702.0935758,12449861.4175184,34.9928272997749,87.504736022679,456.42005847513,575.089273678664,575.089273678664,129.989725927512,1.48590092372017,1.26,33175702.0935758,12265197.4150347,34.5583603333901,106.412479165669,546.734690487538,688.885710014298,688.885710014298,131.386300150225,1.29996974757744,1.26,33188041.3664154,11706295.7208141,33.0354492077411,235.489367122103,1205.71806776613,1519.20476538532,1291.86048003147,95.908861010914,0.661115854523014,20.5154508314617,917.163092814735,9.85861490339704,0.503059212199837,19.8363028429867,443.046791137895,7.89087116324834,0.530720323553891,21.4640045489295,402.041891561588,7.6708837107329,0.548237602008788,23.5104924563704,387.791391432285,7.16894461548534,0.563851772030651,23.8015310387862,262.766294956207,6.78253926140697,0.568288255360624,24.0023423603603,260.691995024681,6.46671411022544,0.570310846560847,24.5218883090549,127.463396966457,6.08793869697385,0.572183641975309,25.1855244636536,126.952497005463,6.5662372848019,0.5725390625,25.4710137503488,126.952497005463,6.32023551102195,0.572886904761905,25.5497662226359,111.137797832489,6.16112477580706,0.573229166666667,25.6358196258545,105.337798118591,6.16090977489948,0.573564814814815,26.38707447052,86.386399269104,7.20674974471331,0.573891782407407,20.5121511643154,31528.3269968387,10.7556217308344,0.503197855574905,27.5747995376586,0,9.76304961740972,0.57453125,27.7276000976562,0,10.5125994086266,0.574837962962963,24.6170997619629,78.3385009765625,7.81144969165327,0.575416666666667,33175702.0935758,12601388.2584711,35.3148738912658,67.216600562664,357.121721705957,449.973369349505,449.973369349505,150.448494507752,1.0718309274393,191.31862701876,185.78166308476,185.787990222235,187.170649421366,188.000244940845,188.553308620498,188.948354105964,189.244638220063,188.454782120766,188.328045613218,166.075978443856,152.046498359458,145.202436979502,106.225969630473,116.505880416735
"Fayette_2021_12",2021,"initial",985.892540504861,20.406433113594,11.2477845066013,1.41042355604684,1.26,33174384.5556688,12455577.6995901,35.0262671804257,88.1886531493086,458.586334208922,577.818781103242,577.818781103242,92.552862653406,1.15158957713006,1.26,33174384.5556688,12272368.4960215,34.5884508732501,107.117450165956,549.338924146943,692.167044425148,692.167044425148,82.7068224756473,1.01015772212043,1.26,33186725.2067639,11715547.2646501,33.0790074448494,235.197831867392,1200.73293480804,1512.92349785813,1285.19301421484,85.6925221003055,0.652385510689676,20.1884695401026,851.197788618068,10.9809692929914,0.503060738451363,19.5145197771908,395.314291889343,8.75982617582665,0.52962559821057,20.9230062840349,361.526492754492,8.52561247456124,0.547224183929692,23.2316407828495,337.074493646622,7.69888250683916,0.562999281609195,23.5010994359067,206.258897483349,7.07274972921924,0.567514619883041,23.3595423017229,202.992697656155,6.58344979264906,0.569580026455026,23.9429882897271,182.656297624111,6.39732759197553,0.571499485596708,24.0214619636536,120.066297471523,6.18632479570806,0.571864872685185,24.7950564793178,119.672297477722,6.70290690660477,0.572223875661376,25.1145826975505,119.672297477722,6.34362483645479,0.572577160493827,25.1005393981934,114.702697753906,5.85923987925053,0.572923611111111,25.1874494552613,90.6357975006103,5.9193373657763,0.57326099537037,20.2177638264401,30109.3020855858,10.9392590934034,0.503191868141676,26.8378496170044,2.68330001831055,7.68607486784458,0.573917824074074,27.5368995666504,0,9.88330009579658,0.574236111111111,27.8050994873047,0,10.7305998802185,0.574849537037037,33174384.5556688,12611840.6378004,35.3536061381367,68.0090985373044,360.669596030256,454.443690998122,454.443690998122,113.739593220303,1.07126270836832,154.447546476174,157.23796350239,160.016864098952,162.087239970905,163.329465494077,163.630228936966,161.155976374532,159.338109557282,158.484109129136,158.221217578659,136.842623331022,129.716916874831,123.503469729752,75.1887338128888,64.2385084575381
"Harris_2020_03",2020,"initial",1487.55363242367,21.5152336831077,9.82417720927168,1.10282173402657,1.26,33194867.2063901,11877538.1031874,33.4465840997482,307.433898179713,1594.47346927685,2009.03657128883,2009.03657128882,196.24865753518,1.05449855981034,1.26,33196145.7139083,11880854.9139126,33.4625922913223,327.686379038181,1696.51640881629,2137.61067510852,2137.61067510852,196.365555820027,1.03131837677817,1.26,33181969.4825099,11691326.5204263,32.9590899727232,945.466976249136,4866.00443152479,6131.16558372123,5123.50595631191,191.849594450764,0.970228884665376,21.8874322248029,1302.79699872259,9.86426648321551,0.503037017958893,24.2411308288574,238.746999521274,11.3612247119459,0.553702663337495,25.6521247605146,152.715998915024,12.8798474426997,0.568234267106089,27.2400648840543,96.3179990174248,13.8373966165658,0.57860312899106,27.7958730396472,24.0679998742417,15.4387369312738,0.58068469785575,27.9398136138916,9.53800014127046,16.7423929784979,0.581416997354497,27.3774772220188,8.38000011444092,16.8231111831135,0.58193287037037,27.5134744644165,8.38000011444092,16.3778751417995,0.582009548611111,27.6695423126221,8.38000011444092,16.0478572760309,0.58207671957672,27.8288828531901,8.38000011444092,15.4394168754419,0.582135416666667,27.7287593841553,8.38000011444092,15.2985002160072,0.582185185185185,27.7324743270874,8.38000011444092,15.7033751606941,0.582225115740741,21.2391339530757,43032.8184381447,9.39510702637764,0.503358002461104,28.135199546814,8.38000011444092,14.4314999580383,0.582280092592593,28.2954998016357,8.38000011444092,12.4944995641708,0.582291666666667,27.922399520874,15.66100025177,9.87950003147126,0.582291666666667,33193411.9466805,11843868.8404986,33.353152681657,286.038185159899,1484.02013592321,1869.86537126324,1869.86537126324,199.237966414251,1.05304748785324,99.858046098438,93.6159658331352,89.737361413383,88.5718040306291,88.5128257346323,89.0260171913535,89.883898049854,90.9733611275867,92.2275246219842,93.6083554219375,101.681090270691,109.667328290867,119.463865837563,136.23359412776,156.880256960391
"Harris_2020_03",2020,"primary",1487.55363242367,21.5152336831077,9.82417720927168,1.13403401194704,1.26,33193617.4993457,11850690.2078478,33.369876140135,288.950864077166,1499.80816207237,1889.75828421119,1889.75828421118,198.492685487895,1.09121266373679,1.26,33195047.1444853,11879739.1155672,33.4532052443772,310.215819897922,1608.6280873158,2026.87139001791,2026.87139001791,196.222805774766,1.05790637794717,1.26,33181969.4825099,11691326.5204263,32.9590899727232,945.466976249136,4866.00443152479,6131.16558372123,5123.50595631191,191.849594450764,0.970228884665376,21.9368453923163,1340.6999947282,9.92057416829598,0.50306881486569,26.6364992334602,327.74099693913,12.7533033429907,0.570234732625884,28.2596822189072,245.628997293301,13.621559312283,0.578334118016321,29.3081748567779,157.690998390317,13.5160171903413,0.579626835887612,30.3428726196289,1.51300001144409,15.1576841097129,0.578308966861598,30.4856560570853,1.51300001144409,16.243464159114,0.577328042328042,30.8072876400418,0.648999989032745,16.7648886707094,0.576141975308642,30.8814487457275,0,17.1075622588396,0.575881076388889,30.9035987854004,0,17.4332854577473,0.575613425925926,30.9831155141195,0,17.7979163527489,0.575337577160494,30.919038772583,0,17.8285997390747,0.575053240740741,30.923448562622,0,17.718249887228,0.574762731481481,21.2577948369567,43190.5094365351,9.40381154343861,0.50354388683719,30.7811985015869,0,17.6637498736382,0.57416087962963,30.7363986968994,0,17.7300000190735,0.573854166666667,31.2013988494873,0,20.1234999895096,0.573206018518518,33191977.6122738,11791449.1263085,33.219215541774,266.930444477649,1381.63192682173,1740.85622779537,1740.85622779537,204.018746727403,1.05304748785324,105.254287304985,107.197955623618,109.182435304614,111.210547487519,113.284481603771,115.402244174237,117.564034340782,119.77121453864,122.020422427653,124.312741851487,135.90024773185,148.56232429007,143.844967959325,133.591610294958,143.421927517661
"Harris_2020_03",2021,"initial",1487.55363242367,21.5152336831077,9.82417720927168,1.67668654247687,1.26,33169623.8530506,12453281.7372565,34.9515718716365,85.4326356553998,450.064251558577,567.080956963806,567.080956963806,211.617016488315,1.49553652113679,1.26,33169623.8530506,12272835.1337092,34.5262224098651,104.614787867981,543.007270799991,684.189161207988,684.189161207988,214.751274611618,1.30278807430771,1.26,33181969.4825099,11691326.5204263,32.9590899727232,945.466976249136,4866.00443152479,6131.16558372123,5123.50595631191,191.849594450764,0.970228884665376,21.1757016305986,1604.25168118801,9.54034676351124,0.503054538054538,20.9691555473242,505.726988990791,8.33027341459574,0.533997217020391,22.4560247841528,462.463790779002,8.47520491480827,0.551271186440678,24.5200233459473,351.73389344383,8.87946360070129,0.566389287994891,24.1874782160709,346.188093547709,7.46906035824825,0.570587231968811,24.8777277810233,338.068893405609,7.46242484876088,0.572471891534391,25.6801658206516,186.612296077423,8.06976647509468,0.574197530864197,25.8136742115021,174.25709626358,8.47006230801343,0.574522569444444,26.0703849792481,163.780596706085,8.99234267643519,0.574839616402116,26.3763326009115,39.3651990620419,9.82141648729642,0.575150462962963,26.4766193389893,30.2454995838925,10.5501997947693,0.575453703703704,26.2840995788574,30.235999584198,10.7667622715235,0.575749421296296,21.2263582746395,44591.1461199888,9.39130522051311,0.503218086614305,26.0260000228881,24.8332996368408,11.3316497206688,0.576319444444444,25.1993999481201,0,8.61524987220763,0.576597222222222,26.5578994750977,0.28999999165535,9.69274938106536,0.577118055555556,33169623.8530506,12600924.3476127,35.2581929830067,64.9691718654815,349.025676140113,439.772351936543,439.772351936543,230.287042154425,1.05304748785324,256.915674523465,259.498871616786,262.133247773016,260.723523223392,259.857014664629,260.203667619785,261.232000829169,262.003250736207,262.603111775015,263.083000606061,258.621946640631,228.565959903161,209.075827597856,182.652550638356,197.496311036921
"Harris_2020_03",2021,"primary",1487.55363242367,21.5152336831077,9.82417720927168,1.26794805397788,1.26,33169623.8530506,12578853.8454508,35.2096976550545,69.2110417469691,370.84052662293,467.259063544892,467.259063544891,224.427866500462,1.77537333527677,1.26,33169623.8530506,12418731.7394981,34.8739306314254,89.3568796913984,469.116609429874,591.086927881641,591.086927881641,211.429334694871,1.44059484533971,1.26,33181969.4825099,11691326.5204263,32.9590899727232,945.466976249136,4866.00443152479,6131.16558372123,5123.50595631191,191.849594450764,0.970228884665376,21.239138180697,1637.93087837554,9.48019316617993,0.503037653897029,23.8483038912998,630.425487657078,9.71448350086641,0.556779676446109,26.1072806665453,608.467988287099,10.3635658692505,0.570592435655995,28.2225994241649,194.780696588568,12.7161755705702,0.579829581736909,29.4109836377596,81.5269987732172,14.2797838951412,0.581444322612086,29.6883493150984,67.5907993316651,15.315185385091,0.581931216931217,29.3015104929606,67.5907993316651,14.5769218736225,0.582195216049383,29.3568367958069,54.8492994308472,14.2888372093439,0.582222222222222,29.3963279724121,52.1215994358063,14.0863211325237,0.58224041005291,29.5420993169149,52.1215994358063,13.761774679025,0.582249228395062,29.6780193328858,52.1215994358063,13.0074696302414,0.58225,29.5458741188049,48.5106995105744,11.9919747114182,0.582239583333333,21.2410579412632,44737.4066170671,9.39900884358292,0.503382934725093,29.730399131775,4.24059987068176,12.2264249622822,0.5821875,30.4106998443604,1.99399995803833,12.5923500061035,0.582152777777778,30.1490001678467,0.223699986934662,12.0333495140075,0.582048611111111,33169623.8530506,12669768.6701199,35.3696720662505,47.7019242588385,260.308089271549,327.988192482152,327.988192482152,242.838368146567,1.05304748785324,225.17951113878,227.993131120112,230.225149783107,232.218710021007,225.708990829885,222.341254893195,220.25750030535,219.412535036877,219.38994349597,219.675235697186,222.138217983407,230.627895532128,240.823999215245,212.68122274124,198.543254264327
"Hays_2021_54",2021,"initial",861.236853759449,20.0146220205881,11.7130204491313,0.905296998284879,1.26,33141708.705827,12468138.6433764,35.0864615034112,89.8189514531314,464.682505132526,585.499956466983,585.499956466983,88.9228677552895,0.747116515991336,1.26,33141708.705827,12280311.4139222,34.6407472260899,108.609038525633,553.68260187318,697.640078360207,697.640078360207,84.4996970766207,0.672856105066905,1.26,33154083.4723163,11737314.3451423,33.1539083908461,235.869634184093,1200.4605250259,1512.58026153264,1284.16989273493,99.7809941022685,0.570468805822219,19.5710077461183,672.888690181309,11.3681450061254,0.50307139041514,18.7001748674371,246.161492332816,9.01939250478584,0.52750468164794,20.2694047022674,214.186794057488,9.33218283572439,0.54531446170747,22.0583031095307,194.857094481587,7.72573430425134,0.5614531449553,22.1085312491969,92.4156969934701,7.48598930318105,0.566134259259259,21.511678150722,92.4156969934701,5.98149990290404,0.568291170634921,22.3804997338189,83.6847974210977,5.94025545318922,0.570309927983539,22.2106997966766,81.3570975214242,5.90228113904596,0.570695891203704,22.0520283835275,65.6043976694345,5.82311415672303,0.571076388888889,22.1719830830892,35.5689991861581,5.86869153380395,0.571450617283951,22.9998996734619,35.5101991891861,6.26178984045983,0.57181712962963,23.2555747032166,35.5101991891861,5.43267495185138,0.572178819444444,19.767170175036,27755.0362810484,11.3093736754206,0.503186277208824,23.1086492538453,19.7338991165161,4.4936999976635,0.572881944444445,24.9201984405518,5.61209964752197,8.07265001535416,0.573217592592593,26.4159984588623,0.489399999380112,9.75174957513808,0.573877314814815,33141708.705827,12624057.5703246,35.4252753166803,69.6147633575212,366.543734814056,461.845105865711,461.845105865711,103.980158484223,1.07126464672458,124.950054339002,127.179574470508,127.672902125574,125.508359983143,122.276106209966,120.542058881808,119.933706787158,120.0112807561,117.148939710729,113.616287111489,104.239990879303,102.927487946813,98.3047964266881,69.7731217701781,68.5386875963969
"Kerr_2020_03",2021,"initial",674.107488141869,18.3445929665372,11.9192336094319,1.01851409745219,1.26,33107435.2060569,12518920.0110633,35.3002257560012,90.9107193709984,463.941820591859,584.566693945743,584.566693945743,101.575763109814,0.823449740439958,1.26,33107435.2060569,12330101.2610433,34.847378999526,109.635467414396,551.781444224902,695.244619723376,695.244619723376,98.1185363588889,0.734895138375161,1.26,33119845.6197999,11783880.4166926,33.3613211181915,235.611241643443,1182.11522213993,1489.46517989632,1266.94871749317,76.8258788403479,0.453071864669368,18.226165475508,646.02849667822,11.6078928896516,0.503080357142857,17.2312669164679,213.971898123156,9.34165533449961,0.526483822305452,18.7326943672309,184.401299506426,9.92589377520322,0.544432085687382,20.4227717498253,174.107399761677,8.58290325978707,0.560779454022988,20.7352835002698,18.8647995591164,8.65917078915395,0.565550073099415,20.2971206392561,18.8647995591164,6.76473193722112,0.567756283068783,21.5095659891764,17.2287995815277,7.34087202284071,0.569826388888889,21.61274933815,15.3512996435165,7.53773730248213,0.570222800925926,21.355256489345,14.943699657917,7.45530697703362,0.570613425925926,21.1507825851441,10.8321998715401,7.65248318016529,0.570997299382716,21.5660793304443,9.83549988269806,8.4322698533535,0.571375,22.6763744354248,9.83549988269806,9.1317748054862,0.571744791666667,18.1137732892261,21889.9843151263,11.5072315440171,0.503187151463727,22.9693489074707,9.10279989242554,6.5745749771595,0.572471064814815,23.1080989837646,1.75,7.49829995632172,0.572824074074074,23.730899810791,0,8.73739933967588,0.573506944444444,33107435.2060569,12676368.0555191,35.647170296511,70.7330680167774,367.067094091915,462.504538555813,462.504538555813,117.669199432213,1.07216565630794,96.2408660542447,98.1710652434023,99.5347731348983,99.3241501312124,99.8308881668242,100.827188808154,102.101172274247,103.441329656486,104.490723319444,105.71941475353,112.804674394908,121.896243985198,114.74955817234,82.4131625252389,82.8081696851598
"Menard_2020_01",2020,"initial",642.602840155767,18.3187614608248,13.033882125164,0.345144007814068,1.26,32830116.5275268,11851397.5457605,33.578179131464,309.931126674848,1548.91313258727,1951.63054705996,1951.63054705996,45.049999251862,0.345523690788397,1.26,32831406.7264405,11847462.9845739,33.5816550657168,329.623460617188,1642.0704043602,2069.00870949385,2069.00870949385,48.1738822874113,0.350906009900159,1.26,32816596.194085,11658759.8473419,33.0597645452975,470.090875808107,2336.8658601324,2944.45098376682,2504.42742415792,68.0429668838197,0.437315130119328,18.3776234875505,479.931001025601,12.3629011255841,0.503105158730159,20.1269994317816,151.082998921163,12.6600899295581,0.551344413233458,22.1291366835772,99.3899978995323,15.1719661412851,0.567389163527935,23.9139682506693,52.9289983510971,16.0035172321127,0.579664351851852,23.7423624741404,23.4909991025924,16.3752104640375,0.582456749512671,24.4424565179008,0.861000001430511,17.8006785277809,0.583550760582011,24.1498548719618,0,21.0941111031506,0.584429012345679,23.9492743015289,0,21.5096874684095,0.584577546296296,23.6396135602679,0,22.1334285906383,0.584717261904762,22.8240493138631,0,21.9261666735013,0.584849537037037,22.8389591217041,0,20.9464999198914,0.584972222222222,23.0157241821289,0,20.9239998161793,0.585083912037037,18.2448522937678,18954.0055838574,12.5733976191715,0.503401443342459,23.3486995697021,0,19.9869994521141,0.585283564814814,23.4949989318848,0,19.7809997797012,0.58537037037037,24.6023998260498,0,16.0384998321533,0.585509259259259,32828649.9916318,11821905.8735348,33.4936856736438,288.607588788284,1443.78103584284,1819.16410516198,1819.16410516198,45.1640489194308,1.07345675954122,36.866356674604,37.6489057639043,38.4582415995196,39.2959583969073,40.1628901335961,41.0601206969181,41.9883214882962,42.9490370934025,43.9478939637714,44.9829192458809,50.725234317188,56.7972799592293,58.8208075468689,51.1009399983206,66.4041556910464
"Menard_2020_01",2020,"primary",642.602840155767,18.3187614608248,13.033882125164,0.348356512825786,1.26,32828385.8574786,11812877.9221201,33.4720167059042,284.908740457689,1424.30801791398,1794.62810257161,1794.62810257161,44.9816561801117,0.33865043655319,1.26,32829885.2742014,11849332.2790168,33.5697542162455,306.505936567067,1532.76119703867,1931.27910826872,1931.27910826872,44.9263371769825,0.348690972097636,1.26,32816596.194085,11658759.8473419,33.0597645452975,470.090875808107,2336.8658601324,2944.45098376682,2504.42742415792,68.0429668838197,0.437315130119328,18.480666352088,507.665002475958,12.7098818879118,0.503147575803826,24.8590679061547,157.040999328718,17.5057977779986,0.574675665834374,26.39226884357,91.3730000611394,18.3475338803502,0.581807517263026,28.7468786568477,58.2600014507771,21.3290689865063,0.58154214559387,29.4851517928274,44.7150009870529,24.1093684011384,0.57963511208577,29.60947063991,38.3750009536743,24.1073212921619,0.578358961640212,30.1479882134332,0,27.5012776586745,0.576881430041152,30.0026242733002,0,27.4037498682737,0.5765625,29.7522850036621,0,26.7170714139938,0.576235119047619,29.267915725708,0,25.0334165294965,0.575900848765432,28.6516189575195,0,23.0170998334885,0.575560185185185,28.400424003601,0,22.3694999217987,0.575211226851852,18.2755626689237,19012.5715853081,12.5982336172153,0.50366087962963,27.6996994018554,0,19.6142501533031,0.574496527777778,28.0243988037109,0,20.6444994211197,0.574131944444444,28.4173984527588,0,21.0200001001358,0.573368055555556,32826663.755104,11748988.7247503,33.3073145715661,262.500371934963,1309.18285616662,1649.57039876994,1649.57039876994,44.3026605564437,1.07345675954122,37.7907902792885,38.5805344966604,39.3991785429253,40.2473113291058,41.1285682509415,42.0437252352963,42.9939372498338,43.982787567217,45.0108761803292,46.0779383051134,49.891418796362,44.7809536815411,41.4952323191863,47.8103481156804,46.5822506099134
"Russel_2020_01",2020,"initial",954.001480750251,20.2682084693969,11.149411568382,0.674177453821739,1.26,33015341.9362948,11814955.4696856,33.3648802555194,306.423236566589,1563.14986274025,1969.56882705271,1969.56882705271,93.6743154557948,0.718700742490334,1.26,33016634.3216754,11815182.0390599,33.3785796862579,326.350561591729,1659.81281629921,2091.36414853701,2091.36414853701,93.6315332737095,0.701948333808318,1.26,33002203.7057662,11624091.9230927,32.866653233572,234.664307129602,1187.02401229394,1495.65025549037,1268.13176997904,93.8769052410345,0.637848017375209,20.6000387966633,799.957006182987,10.5262870898692,0.503070277523402,22.6325566795435,309.553004625719,10.4249157384973,0.553935835414066,24.5733180288541,257.054003562313,12.2842203600932,0.568960098870056,26.4042787880733,77.6960004805587,13.5733966123441,0.579849137931035,27.0496520996094,0.0249999999068677,15.4835001175341,0.582100999025341,27.195771081107,0.0219999998807907,17.1975359512227,0.582915013227513,26.3848997751872,0.0219999998807907,18.2112225062317,0.583509516460905,26.6548247337341,0.0219999998807907,18.0530002899468,0.583600983796296,26.8737997327532,0.0219999998807907,17.6791430754321,0.583683862433863,27.1387831370036,0.0219999998807907,17.6357501993577,0.583757716049383,27.4770397186279,0.0219999998807907,17.4511001288891,0.583821759259259,27.7846746444702,0.0219999998807907,17.4158751890063,0.583877314814815,20.0810655114342,28774.6492155569,10.7822013869632,0.503390600203791,27.8571996688843,0,17.3389999568462,0.58396412037037,28.2138996124268,0,16.4249999523163,0.583993055555556,28.4959983825684,1.74300003051758,15.7364998459816,0.584016203703704,33013871.2908616,11782047.0952311,33.2722977009515,285.057058480911,1455.23903227567,1833.60118066735,1833.60118066735,93.9537116931424,1.06884954195728,65.9244820987566,66.811524732509,68.3370665481179,70.0636180272404,71.9064370121859,73.835012787031,75.8351650975742,77.8984406461964,80.0213419026197,82.2009645008961,93.9756007142793,106.846974274595,121.755644818577,105.689357416416,101.449041428073
"Sansaba_2020_01",2020,"initial",735.036745017356,18.8704628341751,12.6949899844481,0.499372648157788,1.26,32695002.281803,11737970.6446808,33.270808217311,308.868863082259,1539.11852774333,1939.2893449566,1939.2893449566,73.8146332235161,0.507797396134741,1.26,32696306.16219,11733613.4126802,33.2742908569139,328.498621240317,1631.22124489038,2055.33876856188,2055.33876856188,77.9442835713489,0.538611490499386,1.26,32681338.5766072,11543123.0462354,32.7494788712745,233.969239440191,1159.29497773574,1460.71167194703,1245.34952638298,85.4092512285844,0.504251656536239,19.1002248347478,708.521991617628,12.6188186902592,0.503130214692715,20.7859196930789,301.324995338917,12.2541797609916,0.552097898460258,22.9529588020454,179.061997443438,14.8875254165949,0.56838747645951,24.9116512824749,96.8909986615181,16.1577759204625,0.580853687739464,24.7800365247225,29.8359993100167,16.4416315935454,0.583690302144249,25.3368496213641,21.0749995708466,17.6529285480667,0.584801587301587,25.1006664699978,0,20.4616666589346,0.585695730452675,24.8253247737885,0,20.8704375387169,0.585847800925926,24.5913854326521,0,21.6590001072202,0.58599041005291,23.8890329996745,0,21.8780001004537,0.586122685185185,23.8859596252441,0,20.7902000188828,0.58624537037037,24.1518497467041,0,20.5562500357628,0.586359953703704,18.758945093293,22394.0761699833,12.1909980081891,0.503431058121115,24.4871997833252,0,19.7105003893375,0.5865625,24.605899810791,0,19.5100008845329,0.586643518518518,26.201000213623,0,17.4585008025169,0.586782407407407,32693520.1945294,11708288.9143753,33.1858547283662,287.579386304431,1434.49046513678,1807.45798607235,1807.45798607235,72.9338747081802,1.07604628246863,77.3250439088634,78.9966300134616,80.704885720995,82.4548143123026,84.2465869088818,86.0811121055966,87.9562007397323,89.876439493721,91.8552521843923,93.8834658250926,104.631348344026,110.689497763685,112.000885245764,99.3519757051817,113.736145139832
"Uvalde_2020_02",2020,"initial",649.759790828281,19.5144358765948,12.3270507794387,0.314040431950117,1.26,33294328.5260904,12050187.1076601,33.9604846819537,313.496573047404,1618.91583288047,2039.83394942939,2039.83394942939,45.6315549152037,0.318318993232553,1.26,33295565.0082895,12046385.0343988,33.961324192033,333.473721674578,1717.57924235067,2164.14984536185,2164.14984536185,47.5544650371258,0.336064477993863,1.26,33281273.5139307,11853460.2520618,33.4618953865867,948.61657218016,4845.25072032413,6105.0159076084,5181.01373220275,69.3029938148112,0.426848919554084,19.9755355588027,417.908997840248,12.7481717050143,0.503019402472528,21.8183388120673,162.141999267042,13.0833763451586,0.547823683936746,23.5682959960679,84.166000328958,15.4964067003358,0.563178162272442,25.0884682227825,32.0979999899864,16.1615688802096,0.575052681992337,25.1430623907792,17.3599997758865,16.9062631587057,0.577804580896686,25.6773275647844,2.09700006246567,17.8399286506964,0.578898809523809,26.2338212331136,0,22.090944495466,0.579791666666667,26.1713614463806,0,22.9870625063777,0.579945023148148,26.091841833932,0,23.7915000064032,0.580090939153439,25.796332359314,0,24.1896666288376,0.58022762345679,25.0515190124512,0,24.2628999233246,0.580356481481481,24.5737991333008,0,23.4224997758865,0.580474537037037,19.2678809069265,19768.7688750357,11.8647649436946,0.50329302210547,24.4899492263794,0,22.7687499523163,0.580688657407407,24.4449996948242,0,21.9744997024536,0.580787037037037,24.3225002288818,0,19.2234995365143,0.5809375,33292923.4326824,12022187.3015573,33.8819699009422,292.113717658618,1509.38477989741,1901.82482267074,1901.82482267074,45.3791266007476,1.07011065871949,36.8436494697279,37.5431094367869,38.2663190025527,39.0140001228176,39.7871295887357,40.5859595665455,41.4132042347586,42.2711650329089,43.1586088684157,44.0753637688869,49.0128542882135,52.6809181815915,55.7066660831413,52.5202514718506,60.9068532969799
"Uvalde_2020_02",2020,"primary",649.759790828281,19.5144358765948,12.3270507794387,0.323982449859049,1.26,33292670.408199,12014017.3988646,33.8615706092487,288.444572883315,1489.77142831403,1877.11199967568,1877.11199967568,45.164501785617,0.317055609274901,1.26,33294106.9342985,12048404.2530034,33.9528350693399,310.057870064704,1602.14544078911,2018.70325539427,2018.70325539427,45.420734044518,0.321131839181221,1.26,33281273.5139307,11853460.2520618,33.4618953865867,948.61657218016,4845.25072032413,6105.0159076084,5181.01373220275,69.3029938148112,0.426848919554084,20.0797676971326,391.619998476468,13.1193736304034,0.503056509462759,25.8728925297769,105.005000345409,17.5425730332983,0.570511339991677,27.1794517323122,51.8839999139309,18.3760339461772,0.577576898932831,29.1476094476108,16.6060001850128,21.1334656857211,0.577705938697318,30.0893306732178,8.79500019550324,24.3041054763292,0.576025828460039,30.3646704810006,5.76000010967255,25.3348572892802,0.574877645502646,30.4482214185927,1.48599994182587,26.8033335142665,0.573536522633745,30.4533116817474,1.48599994182587,27.2668752372265,0.573245081018518,30.340442112514,1.48599994182587,27.047285931451,0.572948082010582,30.1308660507202,1.48599994182587,26.3299167752266,0.57264274691358,29.6999393463135,1.48599994182587,24.3927001714706,0.572331018518518,29.2814493179321,1.48599994182587,22.4757502377033,0.57201099537037,19.296644771756,19789.1698750884,11.8919638896344,0.503539493242431,28.7294492721558,1.48599994182587,20.6695004701614,0.571354166666666,28.1778984069824,1.48599994182587,17.9500006437302,0.571018518518518,28.4728984832764,0,20.444499373436,0.570324074074074,33291021.063418,11953305.5611817,33.7052562555715,266.168406213945,1371.50014019121,1728.09017664093,1728.09017664093,44.7268137510392,1.07011065871949,22.9138435218266,23.232307239458,23.040364238299,23.1016742439883,23.2718352051634,23.5029415617791,23.7754318359152,24.0796524531526,24.4097307190249,24.7625072778038,26.2084678169388,27.3744679857109,29.2330848865973,40.1531875695073,43.1474923125321
"Uvalde_2020_02",2021,"initial",649.759790828281,19.5144358765948,12.3270507794387,0.555938526018017,1.26,33269032.4052723,12579791.3154542,35.3564494357221,91.639864492475,478.139045596304,602.455197451343,602.455197451343,54.9510284310299,0.445497676482369,1.26,33269032.4052723,12393422.0669431,34.9083420209538,110.584250190686,569.201609985416,717.194028581624,717.194028581624,52.5847262066655,0.399216500714691,1.26,33281273.5139307,11853460.2520618,33.4618953865867,948.61657218016,4845.25072032413,6105.0159076084,5181.01373220275,69.3029938148112,0.426848919554084,19.4437975880209,421.63039256935,12.9269912814885,0.503052248677249,18.7020894222045,120.334194438066,10.8810183061391,0.524900514981273,20.1585029505067,102.410894663539,11.626770082798,0.542573956371626,21.7597685189083,98.9516947334633,10.5403152904634,0.55874680715198,21.9141046624435,11.4059997564182,10.1113523519353,0.56349354288499,21.8989922659738,11.4059997564182,8.62356764823199,0.565697751322751,22.0028105841743,9.54469979461282,7.91481647060977,0.567770061728395,22.1651120185852,9.27299979981035,7.98209979943931,0.568168402777778,22.3759994506836,5.02019981201738,8.46818553337029,0.568561507936508,22.0926659901937,5.02019981201738,8.58739979813496,0.568948688271605,21.9034393310547,5.02019981201738,8.99864982068539,0.569328703703704,22.2082743644714,0.00839999970048666,9.87592478469014,0.569701967592593,19.2639938910217,20167.9308678652,11.8966936343077,0.50314893247758,24.4712495803833,0.00839999970048666,10.8095248937607,0.57042824074074,25.1576995849609,0.00839999970048666,11.5135995745659,0.570787037037037,24.9349002838135,0,11.176299393177,0.571481481481481,33269032.4052723,12735146.9578388,35.7023056907808,71.3334534098787,378.215265246675,476.55123421081,476.55123421081,63.0064647225143,1.07011065871949,51.6337371020569,52.6731912277318,53.7410678202516,54.839448498625,55.9660905956386,57.1182902897266,57.5552867258563,58.1860246484044,58.9580141686915,59.3927476328544,63.0808706301775,68.3130876736787,63.6005514320067,46.2528345936184,45.0243497702533
"Uvalde_2020_02",2021,"primary",649.759790828281,19.5144358765948,12.3270507794387,0.46552383703454,1.26,33269032.4052723,12753224.5042101,35.7453456618216,67.7716133991325,359.884236405671,453.454137871145,453.454137871145,64.9278550605543,0.507470267492014,1.26,33269032.4052723,12607620.8091562,35.4228619394644,88.3220737520522,461.833413844093,581.910101443558,581.910101443557,55.6332975896941,0.461218476846462,1.26,33281273.5139307,11853460.2520618,33.4618953865867,948.61657218016,4845.25072032413,6105.0159076084,5181.01373220275,69.3029938148112,0.426848919554084,19.4830558427743,478.593392241048,12.6190702312186,0.503020960520961,22.5776174631012,194.113193846308,11.8196480201369,0.558429437161881,24.2232130018331,155.83999583777,11.5908954413766,0.571455783113622,26.1960441983979,71.7454990148545,13.0990754715328,0.579629230523627,27.6136203565096,38.1660999059677,15.7168153289117,0.580841861598441,27.6379706518991,37.7911999225617,17.1021566476141,0.581124338624339,27.8547327253554,29.2824001312256,16.2179496188958,0.581184413580247,27.9855244159699,29.2824001312256,15.937068272382,0.581170428240741,28.0865279606411,29.2824001312256,15.4968638973577,0.581145833333333,27.9924828211467,29.2824001312256,15.2820162028074,0.581113040123457,28.1285995483399,0,15.6104994356632,0.581071759259259,28.4841995239258,0,16.5939619839191,0.581021412037037,19.2830133477385,20259.6462670476,11.8965024844135,0.503381797429167,28.4984998703003,0,18.0774495005608,0.580896990740741,28.1632995605469,0,18.7468496561051,0.580821759259259,27.2562999725342,0,16.4149998426438,0.580636574074074,33269032.4052723,12837032.441138,35.8839431305518,46.0464426696057,248.942967793022,313.668139419208,313.668139419208,63.7688120279193,1.07011065871949,58.3062786648482,59.5372574878092,60.8091296849084,62.1225722341397,63.4763252175819,64.8713505759497,66.3052150611396,63.9525235716995,62.340224678578,61.2548656606509,59.6016247424211,60.0888070424807,62.7273130479092,65.0252618546213,52.3935039072106
"Washington_2020_08",2021,"initial",1077.37303488788,20.4208121872247,10.8486074696233,0.996011137458855,1.26,33026976.6620986,12409047.7407505,34.9010761561682,86.2646641837674,447.963439268894,564.433933478807,564.433933478807,118.444449005093,1.00982869719839,1.26,33026976.6620986,12223637.8018754,34.4665935274673,105.237690922665,538.088420787807,677.991410192637,677.991410192637,115.051919141508,0.883164704268867,1.26,33039470.218074,11638084.1981986,32.8921192426352,234.933784022139,1191.2555916132,1500.98204543263,1289.42059730134,111.308321393066,0.717466213216915,20.2193903853441,1016.53458863508,9.71100115852203,0.503082646520147,19.8434376663037,361.929592653993,8.01411944007229,0.533447383478985,21.4549350415246,333.133093073848,7.87009300473067,0.551099733207784,23.7515994104846,201.632494809921,7.75306185720295,0.566651899744572,23.7479048277202,151.856797101791,6.96125510962386,0.571005726120858,24.5740781511579,150.209597202833,6.7507676737649,0.57297123015873,25.5207551320394,82.6866993904114,7.1727386481232,0.574777520576132,25.5389745235443,81.4693994522095,7.12704348936676,0.575118634259259,25.5795424325125,78.7467994689942,7.34669257061821,0.575453042328042,26.0211995442708,70.4937000274659,8.14279967546462,0.57578125,26.2990196228027,50.7644996643067,8.80501967370509,0.576099537037037,26.5536246299744,44.6459999084473,10.0693746358156,0.576412037037037,20.1519716439057,33033.8331298878,10.4460055782064,0.503240947122825,25.2962999343872,44.6459999084473,9.78314968943594,0.577013888888889,25.6345996856689,0,11.5156493782997,0.577303240740741,25.437198638916,1.15240001678467,7.83739960193635,0.57787037037037,33026976.6620986,12562429.0102474,35.2173895162501,65.9272398424841,349.394468599579,440.23703043547,440.23703043547,136.790256283731,1.08250894747938,184.563374036677,186.678751299159,189.181564568023,180.60131145613,176.572232061364,174.81051562871,173.438061250758,170.598479497316,168.036350514638,166.242713501904,158.46281608122,148.711866628152,147.720212889707,105.563620029443,104.203013248685
"Williamson_2019_09",2020,"initial",867.279039697077,19.6395998633874,11.8048075361892,0.528457226894515,1.26,32903399.0529648,11798498.9065607,33.3941619264979,306.807087955857,1542.33308725841,1943.3396899456,1943.3396899456,92.5555096350344,0.527571061583768,1.26,32904697.7980298,11797173.6113908,33.4054153654544,326.557916540806,1636.19795852888,2061.60942774639,2061.60942774639,95.4933029985401,0.547425117635647,1.26,32890094.8699219,11618296.1991958,32.8874383277416,234.789411053463,1179.69434377846,1486.41487316086,1273.26517989181,119.788030873719,0.584562004154991,19.4845910340875,745.954999081558,11.1449203217365,0.503090245980871,21.4156285939592,232.165001556277,11.4676517027664,0.553711896587599,23.571741653701,128.838001295924,13.4711695308235,0.569111542686755,25.3220406894026,59.5130008906126,14.6703103495067,0.580437819284802,25.7086782957378,0.151999995112419,16.1486578881955,0.582843567251462,26.0888421194894,0,18.2261428709899,0.583732638888889,25.2502772013346,0,19.7571667797036,0.584402006172839,25.0795743465424,0,18.586437638849,0.584508101851852,25.3687278202602,0,18.2660000451974,0.584606481481481,25.5990324020386,0,17.647750094533,0.584695216049383,25.9003589630127,0,17.4683001220226,0.584775462962963,26.310574054718,0,17.1482500955463,0.58484375,19.4506243286458,25790.9045972251,11.4380424340827,0.503407884872928,26.842399597168,0,17.3927499353886,0.584953703703703,26.9503993988037,0,17.7014997601509,0.585,28.138500213623,0,15.2974998950958,0.58505787037037,32901921.5815148,11765769.1654252,33.3029351765043,285.423143888553,1435.63267556678,1808.89717121414,1808.89717121414,91.8297854943834,1.08099562514202,59.6592757180926,60.7526710341594,61.8733131231926,63.0235003839539,64.2044235685367,65.414242023517,66.6537553916748,67.9240761102864,69.2260890037715,70.5595226052541,77.7870833688458,85.9163725103754,95.7159595486984,99.4093300139301,113.315228868729
"Williamson_2019_10",2020,"initial",820.251018721137,19.8586040199577,11.9140619957445,0.449307942455935,1.26,32962635.3547606,11822779.2995336,33.4345679833031,307.245123023515,1552.68452282736,1956.38249876248,1956.38249876248,62.911428447767,0.448814479394289,1.26,32963927.9118583,11821596.1925469,33.4457669965917,327.039750996275,1647.42048946483,2075.74981672568,2075.74981672568,65.0132914562209,0.464352585106191,1.26,32949394.5604853,11641312.843351,32.9305841710068,470.120838065748,2371.82430315544,2988.49862197585,2527.38017362753,102.148551866109,0.549807752899678,19.7814245371373,544.443999556359,11.1698310325633,0.50307953042328,21.6985522388072,189.770001068711,11.4636179677138,0.55336155326675,23.7973789926303,103.94300031662,13.2169830273774,0.568656622724419,25.4583304175015,44.1140005588532,14.1541379774953,0.579902618135377,25.8333046561793,0,15.5830001101682,0.582291666666667,26.2482994624547,0,17.6939644568733,0.58317542989418,25.4427437252468,0,19.2151112109423,0.583841306584362,25.2222242355347,0,18.2996875587851,0.583946759259259,25.4749706813267,0,17.9177144701992,0.584044312169312,25.6878824234009,0,17.2337503557404,0.58413387345679,25.972359085083,0,16.9739005595446,0.584212962962963,26.3468489646912,0,16.5192505903542,0.584282407407407,19.6299718505386,25460.790279828,11.5424703481652,0.503394644295718,26.8724489212036,0,16.6885005831719,0.584392361111111,26.9723987579346,0,16.9840009212494,0.58443287037037,27.9974994659424,0,14.1980002522469,0.584490740740741,32961164.9228329,11790140.4136896,33.3438256989809,285.851860800777,1445.2982048029,1821.07573805165,1821.07573805165,62.6598803895516,1.06700137655959,38.2807010397445,39.0147667390393,39.7719696248172,40.5539227213388,41.3617234940529,42.1946439733007,43.0537397311409,43.9400069705433,44.854404252139,45.7973681298278,51.0074631749525,57.0831769996072,63.7489997568895,65.1581299920272,75.9928300571975
"Williamson_2019_10",2020,"primary",820.251018721137,19.8586040199577,11.9140619957445,0.460789638079668,1.26,32961217.1899022,11791969.0996422,33.3480791289132,286.586312484103,1449.26010379478,1826.06773078143,1826.06773078143,62.6771422422867,0.448079651771883,1.26,32962681.1155258,11823442.5844865,33.4362221053988,307.947745741824,1556.26177674696,1960.88983870118,1960.88983870118,62.9577107846294,0.447782825607261,1.26,32949394.5604853,11641312.843351,32.9305841710068,470.120838065748,2371.82430315544,2988.49862197585,2527.38017362753,102.148551866109,0.549807752899678,19.8565042192464,539.300000375602,11.3355714254966,0.503114443426943,25.4440206892035,158.058001064695,14.1536854038622,0.572517686225551,27.1766536195399,98.2290013069287,15.005398363096,0.580522206528562,28.8814855772873,54.1150007480755,15.8419655953887,0.581454342273308,29.9323993482088,5.02099993918091,18.136684306358,0.579966496101364,30.4185992649623,2.61599996779114,20.5188215353659,0.578894675925926,30.8540212843153,0,21.9070001012749,0.57761445473251,30.9517865180969,0,22.7113126181066,0.577333622685185,31.0483989715576,0,23.3653571477958,0.577045304232804,31.1396322250366,0,24.214750106136,0.576749614197531,31.0797588348389,0,24.3293999731541,0.576446759259259,30.8953237533569,0,24.0135000422597,0.576137152777778,19.6531571660963,25514.9052805761,11.5512510235186,0.503607522042994,29.9861993789673,0,20.1214998811483,0.575491898148148,29.8344993591309,0,19.9784996211529,0.575162037037037,29.5729999542236,0,20.6154991388321,0.574479166666667,32959537.4521473,11730508.702261,33.1916160019711,264.383453603627,1333.30439816527,1679.96354168824,1679.96354168824,62.5197016171438,1.06700137655959,33.5022386097488,34.0976076359885,34.7146494854344,35.3542062591991,36.0182485977266,36.707485482637,37.4219331875778,38.1619436385038,38.9276754480417,39.7199786546169,43.325510778528,47.8060700997849,51.6366841068338,58.2248854151125,61.1648100161045
