"site","latitude","longitude","month","norm.prcp","sd.prcp","norm.tmean","sd.tmean","norm.tmax","sd.tmax","norm.tmin","sd.tmin","norm.vpdmax","sd.vpdmax","norm.vpdmin","sd.vpdmin"
"Austin_2020_03",29.776805,-96.24351,1,88.2369668006897,51.770992370754,10.9407672564189,1.92690791187964,16.9717000007629,2.30910368178852,4.91106666326523,1.87599057712123,9.91186674435933,2.18466316934838,0.486866667370001,0.222373676604658
"Austin_2020_03",29.776805,-96.24351,2,67.5170671780904,50.9394822817198,13.0614506403605,2.04426904151161,19.012566502889,2.36198384524853,7.1118000348409,2.11523190814261,11.2018667221069,2.89524880274327,0.516799999152621,0.239169449743636
"Austin_2020_03",29.776805,-96.24351,3,84.5360664367676,54.7793078542457,16.5219674428304,1.96632409849167,22.5260666529338,1.83889573094219,10.519066731135,2.27813228530542,13.9315332730611,2.04367628777672,0.532066667576631,0.246036574005353
"Austin_2020_03",29.776805,-96.24351,4,93.2855331361294,82.0950245025672,20.0878307978312,1.45173730086382,26.0442333221436,1.47094585200708,14.1325000762939,1.70510544211261,17.0504333178202,2.8859363417211,0.664199998478095,0.318627374944807
"Austin_2020_03",29.776805,-96.24351,5,112.923799526691,78.7030487993182,24.2504945119222,1.1199895760843,29.8247664769491,1.36197014876694,18.6774332682292,1.15047372294685,20.5331334114075,3.72313095785281,0.663566663364569,0.41235561027159
"Austin_2020_03",29.776805,-96.24351,6,107.656532939275,77.9249007841694,27.5676112492879,0.884561420925496,33.2085332870483,1.44127940687006,21.9281000773112,0.828291328992359,26.3585000356038,5.99796302528594,0.797900000400841,0.503604823463491
"Austin_2020_03",29.776805,-96.24351,7,77.208266321818,69.9835041277133,28.6445978800456,0.894171621027458,34.6992001215617,1.51951357661213,22.5908334096273,0.858422884681502,29.9038333257039,6.33466096703295,0.450400002797445,0.390035065141211
"Austin_2020_03",29.776805,-96.24351,8,93.0669992129008,115.065348343821,28.9512645721436,0.921327013130126,35.2794328053792,1.42559331924227,22.6243335088094,0.744022149281102,32.4734000523885,5.81914252319112,0.517533332792421,0.398733402177495
"Austin_2020_03",29.776805,-96.24351,9,106.02829990387,73.5483586021019,26.2272143681844,1.08059803774417,32.4283331553141,1.57867843007383,20.0275333404541,1.28461572831628,26.614666557312,6.13451274666497,0.694033331905181,0.564426445897346
"Austin_2020_03",29.776805,-96.24351,10,120.258666419983,110.915759402183,21.3764773050944,0.914382562800615,28.0316999435425,1.16839153787169,14.7223333040873,1.51847494093384,20.5858999570211,3.77582398066819,0.561666660010815,0.29190117306342
"Austin_2020_03",29.776805,-96.24351,11,101.508200295766,77.5940424922377,15.8663974761963,1.9352694233156,22.2976001103719,2.27340012453878,9.43629994392395,1.9481569137212,13.8590999921163,3.15415530666056,0.454833334560196,0.223951821689885
"Austin_2020_03",29.776805,-96.24351,12,85.3811328887939,54.9368100474363,11.9704304695129,1.47704806937848,18.1118999481201,1.68694253186033,5.83006672859192,1.88178549171431,10.1133666833242,2.05486849079336,0.387566667795181,0.206572802789346
"Bandera_2020_03",29.850369,-99.304193,1,52.2824000517527,39.7464702649116,8.83933380444845,1.69769707882174,16.5008667310079,2.17996377216633,1.17883334855239,1.87175253844658,12.178799978892,2.79164694047769,0.602633339663347,0.277406776576528
"Bandera_2020_03",29.850369,-99.304193,2,43.6255336552858,36.8895148870604,11.1083972454071,1.8652221997665,18.8284000396729,2.46068720436713,3.3897000329569,1.89263930854865,14.6292998949687,3.66952320513544,0.735733338197072,0.416135173058945
"Bandera_2020_03",29.850369,-99.304193,3,73.1734327395757,54.819242896098,14.955367342631,1.77373581596229,22.4474000295003,1.75073602811099,7.46450000603994,2.16862269624862,17.6044332186381,2.86589154476011,0.958699999252955,0.451911497720098
"Bandera_2020_03",29.850369,-99.304193,4,63.2275661538045,57.4869952276158,18.5929341634115,1.48359991196128,26.0797000249227,1.73726140650481,11.107266775767,1.78778667591766,21.6347332954407,4.36723748605776,1.15079999963442,0.480765797971538
"Bandera_2020_03",29.850369,-99.304193,5,119.804666900635,85.4857461557973,22.9173976898193,1.25218378967934,29.4098333994548,1.68828429117401,16.4260334332784,1.29306548760413,24.1192332267761,5.1455551349981,1.33210000097752,0.575345917259459
"Bandera_2020_03",29.850369,-99.304193,6,89.6029332915942,79.7280102946448,26.3682977676392,1.06281822463356,32.7657336552938,1.57092402708057,19.9719667434692,0.885115462921109,30.0074000676473,6.23030960411191,1.66270000040531,0.678700229124203
"Bandera_2020_03",29.850369,-99.304193,7,81.8172659784555,153.065601995568,27.573584429423,1.016967453679,34.227333577474,1.72512624164782,20.9208999633789,0.695470041418658,35.2296663920085,7.02859142945403,1.74856666326523,0.84124549015036
"Bandera_2020_03",29.850369,-99.304193,8,55.6126005252202,55.2958532844303,27.6977645874023,0.893187277147973,34.9208329518636,1.47099941113546,20.475833384196,0.714045397636578,38.1494333902995,6.19533379124262,1.67293333411217,0.716695127479033
"Bandera_2020_03",29.850369,-99.304193,9,104.027067724864,91.9942379541103,24.4858143488566,1.11594921124193,31.4828333536784,1.69795314566778,17.4899667104085,1.25897084064253,28.9722333272298,6.45459403175468,1.25216666571796,0.814371106550034
"Bandera_2020_03",29.850369,-99.304193,10,81.4089005996784,66.970067242149,19.514094098409,0.909244017906694,26.8352333704631,1.41780049786641,12.1944332440694,1.67130695417695,21.6860000610352,4.11648594308696,0.965333332618078,0.418737377580997
"Bandera_2020_03",29.850369,-99.304193,11,57.2273667653402,53.6487678469521,13.8236505826314,1.77073423656207,21.0096333821615,2.06433657128151,6.63893331686656,1.97014266504418,14.8349666277568,3.11978678407854,0.74393333842357,0.321070729899286
"Bandera_2020_03",29.850369,-99.304193,12,53.0199995915095,71.6473012641864,9.54827706019084,1.28163233414584,16.9906001091003,1.57331680440651,2.1073333149155,1.79633526097871,11.9382666428884,2.43987474257969,0.60003332644701,0.350736700171585
"Bell_2020_05",31.0894,-97.413218,1,68.2576668262482,46.2476180868372,8.76330040295919,1.76017920825121,15.0815665880839,2.23889235109993,2.44643334050973,1.75406990383387,9.98353338241577,2.61272421973726,0.803300004204114,0.388647900011428
"Bell_2020_05",31.0894,-97.413218,2,58.7375328540802,41.1212009721077,11.0352005322774,1.96528158926826,17.3962334314982,2.51670367977128,4.67543334563573,1.73149031905725,11.8053666591644,3.24359431507265,0.931600002447764,0.471523257814638
"Bell_2020_05",31.0894,-97.413218,3,83.6095001379649,47.6153081481529,14.8731006940206,1.96861358911193,21.1192332585653,1.98165326123105,8.62810002962748,2.17419360122715,14.1689334233602,2.32187789880634,1.1029000043869,0.392074185853323
"Bell_2020_05",31.0894,-97.413218,4,83.7376999378204,65.9594263933107,18.9119640986125,1.51158948603956,25.2632333755493,1.65755493619026,12.5620333035787,1.67323593191996,18.044433371226,3.38233582760359,1.30719999074936,0.486506420756419
"Bell_2020_05",31.0894,-97.413218,5,122.591233412425,71.1139273042989,23.2206476211548,1.2310203129337,29.0592333475749,1.54370860519917,17.3832666714986,1.16704517931924,21.1153000195821,4.22405815568355,1.29896666624894,0.642307411436457
"Bell_2020_05",31.0894,-97.413218,6,91.0293340682983,70.0066910192401,27.1824778238932,1.10293907766887,32.9085997899373,1.5032791276764,21.4574333826701,0.866184307687519,27.7572999318441,5.85281349083496,1.91779998640219,1.08870483965687
"Bell_2020_05",31.0894,-97.413218,7,52.8249001105626,47.7492119211326,28.9127346674601,1.09018060762668,35.1338333129883,1.5627263020312,22.6929999669393,0.815043253768435,35.2417668660482,6.57034427833756,2.44133334755898,1.1525890491165
"Bell_2020_05",31.0894,-97.413218,8,61.0395666817824,67.0951682304112,29.216481145223,1.10492935078345,35.7227333068848,1.45041677389926,22.7114332199097,0.952139604588137,38.1421000798543,5.88099866215691,3.10409998893738,1.34592244974001
"Bell_2020_05",31.0894,-97.413218,9,88.3330340226491,74.3269407834511,25.785431098938,1.3283975888209,32.1673665364583,1.78553264697883,19.404600016276,1.31427107172489,29.3885998408,6.69993309373976,2.22903333480159,1.43855728904102
"Bell_2020_05",31.0894,-97.413218,10,102.769965839386,94.1427436453779,20.2040640513102,1.10068958061338,26.8795667012533,1.46764979878327,13.5296667098999,1.53553160775164,21.1449667612712,4.16934392804195,1.50046667158604,0.633013637516025
"Bell_2020_05",31.0894,-97.413218,11,69.5381328528126,59.8563661996895,14.2754139264425,2.02856428793832,20.6883665084839,2.23194299692036,7.86393326123556,2.16933078013417,13.7516666094462,3.08729274983799,1.03316667129596,0.432846399712569
"Bell_2020_05",31.0894,-97.413218,12,69.7342330773672,54.1803546935035,9.71775042215983,1.28856555396854,15.9472000439962,1.73254551343019,3.4895333091418,1.45320034804375,10.1088000297546,2.19808733054466,0.868200000127157,0.350643387497872
"Bell_2021_08",31.055926,-97.549379,1,67.0858004172643,44.2190156154303,8.91336712837219,1.86011650886406,15.4574333190918,2.34561955159775,2.37059999008973,1.82227956068212,10.631399901708,2.78832316186308,0.870399993285537,0.447663776914434
"Bell_2021_08",31.055926,-97.549379,2,59.8045330286026,43.3263705878984,11.1147472381592,2.04555003861416,17.7981998761495,2.64945175039584,4.43253337343534,1.83860187968731,12.6993332703908,3.67466219649012,0.930166662981113,0.515680940589964
"Bell_2021_08",31.055926,-97.549379,3,82.8545993328094,50.1127169645045,14.9203672726949,1.88892683852469,21.4675000508626,1.86272274420548,8.37436676025391,2.20309015836051,15.1273666381836,2.26399890546223,1.09416666428248,0.335832061432118
"Bell_2021_08",31.055926,-97.549379,4,79.6904661178589,56.550266903442,19.0211307525635,1.53786689158991,25.5596998850505,1.68233329645176,12.4838333765666,1.66503501647144,19.0833998998006,3.42225905464261,1.36239999781052,0.54753382796494
"Bell_2021_08",31.055926,-97.549379,5,125.145367074013,73.5873946688427,23.4364775975545,1.29968141917722,29.3532665888468,1.59647466440074,17.5209999720256,1.19703728082374,22.2157334009806,4.3287543690741,1.57153333425522,0.728169731618683
"Bell_2021_08",31.055926,-97.549379,6,88.7982663154602,73.0612195980601,27.3081844965617,1.07180616965409,33.1674997965495,1.41303504690219,21.4500666300456,0.938097957451786,28.9069998423258,5.53416077282843,2.05723333160083,1.00190382243952
"Bell_2021_08",31.055926,-97.549379,7,49.879900542895,46.1935608131854,29.0492312113444,1.04686570821064,35.3736333211263,1.49176228630105,22.7259333292643,0.85042119126971,36.3919997533162,6.36053040713253,2.7370666883265,1.2581525114226
"Bell_2021_08",31.055926,-97.549379,8,58.5576996149495,66.7889380717814,29.2662779490153,1.13992652426303,35.8503662109375,1.43931369498294,22.6836665471395,1.04168701895752,39.0768997192383,5.75106775682294,3.48493335396051,1.46941965851574
"Bell_2021_08",31.055926,-97.549379,9,95.6646002372106,80.1856257039912,25.7792510986328,1.32932898004768,32.2554332733154,1.78023296521321,19.3042666753133,1.36625800729869,30.0413332621257,6.68701581967125,2.38083333571752,1.35690909737602
"Bell_2021_08",31.055926,-97.549379,10,102.477733039856,91.2944681299709,20.3412942886353,1.04096689886817,27.0873332977295,1.45573345161345,13.5962666511536,1.4773434857754,21.736733341217,4.15033042708218,1.60169999996821,0.627709578120945
"Bell_2021_08",31.055926,-97.549379,11,68.852266740799,59.9772974783377,14.3595106442769,2.06298892615409,20.8343334197998,2.2162694489395,7.8860000371933,2.22113719884233,14.2261999766032,3.1494162534437,1.18706666429838,0.472628158047017
"Bell_2021_08",31.055926,-97.549379,12,70.9503660996755,56.1586299591121,9.8126503944397,1.26417426556806,16.2375001589457,1.71317435632631,3.3889333208402,1.42661328001145,10.6675333182017,2.21982077757809,0.930500007405256,0.356194807473829
"Bexar_2019_13",29.244832,-98.427454,1,45.2478668014208,36.0698953324165,11.5674673080444,1.74982534453029,18.1631999969482,2.33478496101866,4.97286670605342,1.68139729208055,12.7321666717529,2.91429776512314,0.934666667381922,0.262590051606379
"Bexar_2019_13",29.244832,-98.427454,2,43.9348666846752,41.714999595932,13.7952806154887,1.89759254736121,20.3713997840881,2.44729875473575,7.22050000826518,1.88916171084562,14.9549666722616,4.05672571743592,1.07439999779065,0.351497055671806
"Bexar_2019_13",29.244832,-98.427454,3,59.4604333857695,43.3418095008247,17.4981973965963,1.89500988015119,23.8944668451945,1.90967161423047,11.1029333432515,2.1639160354356,17.7681666056315,3.15522812586514,1.27393333514531,0.413069644864912
"Bexar_2019_13",29.244832,-98.427454,4,60.5133996367455,44.6485441243602,21.1179443995158,1.52762978685835,27.5698999404907,1.84436899466439,14.6674333254496,1.61479906564929,21.9411000569661,4.88537189944587,1.4982000062863,0.556765995164687
"Bexar_2019_13",29.244832,-98.427454,5,95.8505342960358,66.921088198923,25.2677811304728,1.33538984108497,30.9724997838338,1.79817769290145,19.564200146993,1.16474341356467,25.124400138855,5.70684643080523,1.90396665732066,0.729427847841761
"Bexar_2019_13",29.244832,-98.427454,6,81.9373664061228,62.4586996916611,28.3768447240194,1.16509769665904,34.1213328679403,1.7528960991548,22.6337333679199,0.801275249043091,31.3339003245036,7.19439399811152,2.14413333535194,0.785651922842672
"Bexar_2019_13",29.244832,-98.427454,7,60.400600361824,85.6172403683906,29.5914646148682,1.1484242552276,35.6184000651042,1.86741240690821,23.5656333287557,0.614844673335188,36.49226659139,7.91616850472493,2.27450000842412,0.823718106013922
"Bexar_2019_13",29.244832,-98.427454,8,64.4569331665834,71.3594421248363,29.8968780517578,0.990244723382746,36.26369972229,1.49140822735583,23.5314666748047,0.677854337195459,39.6770664850871,6.49319956573981,2.6543666601181,0.803533531110488
"Bexar_2019_13",29.244832,-98.427454,9,86.5650336662928,73.9710899248675,27.0192312240601,1.21188834412074,32.9956001917521,1.71076427199712,21.0439999262492,1.20603369111247,30.5212665557861,6.59509072150209,2.30400001207987,0.934335660703352
"Bexar_2019_13",29.244832,-98.427454,10,73.7077324012915,69.410259228333,22.2818808873494,0.951190384237158,28.7253665288289,1.34318609061894,15.8395999908447,1.3366468274531,23.5938334465027,4.2161066765893,1.58150001366933,0.557790397883818
"Bexar_2019_13",29.244832,-98.427454,11,54.342766597867,52.1357818260077,16.6181808153788,1.88832387504735,23.0816668192546,2.11810666320009,10.1558333396912,1.96587240354143,16.3790667215983,3.25112147257734,1.12556666433811,0.392289707076944
"Bexar_2019_13",29.244832,-98.427454,12,48.5666001359622,56.3338203294108,12.4401305198669,1.27648841498627,18.9379666010539,1.69727992296141,5.94369999567668,1.68303474055409,12.7053999265035,2.6051737151085,0.937333331505458,0.330095738859385
"Blanco_2019_16",29.986237,-98.429976,1,57.438099449873,42.1516415410366,9.09093375205994,1.80730176806656,15.8430333455404,2.21972694901696,2.34010001420975,1.87050178395938,10.7318999926249,2.67289999919157,0.628666664659977,0.308408746395643
"Blanco_2019_16",29.986237,-98.429976,2,45.62840043058,38.7060522899419,11.1334171930949,1.93244739338125,18.05923315684,2.44905486089506,4.20896667440732,1.85497418992794,12.7424332459768,3.44901228296507,0.696400006984671,0.430817878816158
"Blanco_2019_16",29.986237,-98.429976,3,70.4219000975291,47.0020430664353,14.9473340352376,1.81813103386359,21.6825667063395,1.77129924435871,8.21346658070882,2.13628634972432,15.5286999384562,2.5179447375918,0.930200002590815,0.363218701719115
"Blanco_2019_16",29.986237,-98.429976,4,63.1733989397685,49.1516176356302,18.7427641232808,1.57064712185225,25.6168664932251,1.83257417897698,11.8698667526245,1.72764801673263,19.5379666964213,4.37992226170528,0.999033342798551,0.464551669739438
"Blanco_2019_16",29.986237,-98.429976,5,121.915968322754,100.549177282855,22.9578109105428,1.30341747484438,29.0182332992554,1.71950743415232,16.8985666275024,1.24119781371016,21.9691001574198,4.93180034135937,1.12529999905188,0.624596764615513
"Blanco_2019_16",29.986237,-98.429976,6,80.2964335918427,72.4252287331276,26.4640177408854,1.08771005450809,32.567066637675,1.61842970384688,20.3623332977295,0.937888126638687,28.4025667826335,6.37252638087225,1.3877666592598,0.801042265766323
"Blanco_2019_16",29.986237,-98.429976,7,64.0738334318002,106.032588153784,27.8974812189738,1.02721838092696,34.2358666102092,1.74190231415639,21.5602331797282,0.627219256232953,34.1335002263387,7.25034350763576,1.64459999104341,0.844957542990553
"Blanco_2019_16",29.986237,-98.429976,8,56.9778670201699,54.0467808917536,28.1346277872721,0.97566406262344,35.002633412679,1.4346239207689,21.2677666982015,0.770448149422627,37.4605332056681,5.99990221905227,1.86406667033831,1.00575358170578
"Blanco_2019_16",29.986237,-98.429976,9,95.9298335313797,71.0108280244448,24.8251677195231,1.19006427570425,31.5313002268473,1.77758529881869,18.1201332410177,1.31147091776244,28.1313002268473,6.63938977924349,1.14273333201806,0.87945057484276
"Blanco_2019_16",29.986237,-98.429976,10,97.9999337991079,96.7748800761482,19.7759808858236,0.961932747645606,26.6279667536418,1.33766311821053,12.925066725413,1.60791637220447,20.3177997589111,4.00130429213188,0.847100000580152,0.473377548678204
"Blanco_2019_16",29.986237,-98.429976,11,68.2822669029236,69.7843951316249,14.0345338185628,1.86596806217468,20.6556999842326,2.12591072188451,7.41463335355123,1.94128833298901,13.553066666921,3.01158306016966,0.665533332029978,0.321356044049981
"Blanco_2019_16",29.986237,-98.429976,12,53.2619334396596,59.280595856878,9.9740804195404,1.23333827908038,16.5950666745504,1.66320478838356,3.35459996064504,1.48979109028788,10.6893332481384,2.41734824615871,0.643199999001808,0.346062522338685
"Brazos_2020_16",30.926287,-96.225878,1,94.5010673205058,56.870850054025,10.122100464503,1.88566552999599,16.2589333216349,2.22549049846458,3.98666667057356,1.92722490114829,10.1387332598368,2.22806141571497,0.640933329860369,0.1954211921637
"Brazos_2020_16",30.926287,-96.225878,2,74.8901005983353,54.6771107649183,12.1554137706757,2.04109616583206,18.3168999036153,2.475464269599,5.99520001411438,1.94384080059176,11.6391666094462,3.03031668953245,0.691866666575273,0.313073389357705
"Brazos_2020_16",30.926287,-96.225878,3,87.8616341908773,44.328769962875,15.952130762736,2.01264064101108,22.1735333760579,1.9002484541134,9.73189997673035,2.25585579346157,14.5539666175842,1.98849100680244,0.80226666132609,0.369218263270271
"Brazos_2020_16",30.926287,-96.225878,4,81.2351333061854,59.7622138945962,19.7164975484212,1.50219098373327,25.9346333185832,1.48994214196422,13.4993666966756,1.74880566766145,17.7766666094462,2.87011388984526,0.882966673374176,0.397908289470322
"Brazos_2020_16",30.926287,-96.225878,5,121.732100598017,72.3131753752,24.0063975016276,1.1102761839367,29.6863335291545,1.35461444828939,18.3276666005452,1.1094430847799,21.0497333526611,3.6878926137376,0.993999999761581,0.374639780867292
"Brazos_2020_16",30.926287,-96.225878,6,101.905334246159,71.0972834434432,27.6283810933431,0.912680335624594,33.1491001764933,1.47590126234575,22.1089333852132,0.753735132864912,26.954799969991,6.21536964977761,1.49553332924843,0.682582606600357
"Brazos_2020_16",30.926287,-96.225878,7,53.1646329482396,46.0751741427667,29.052481396993,0.973124760026017,34.8932669957479,1.50654663404961,23.2126668930054,0.674473664250407,32.0939669291178,6.15632628898002,1.63053333361944,0.729592504510992
"Brazos_2020_16",30.926287,-96.225878,8,72.7135007222493,68.045542625717,29.2473512649536,1.02162804474825,35.5039335886637,1.52165366014432,22.9916001637777,0.764574897359182,35.3265001296997,6.11836498382309,1.89799999594688,0.748709171736991
"Brazos_2020_16",30.926287,-96.225878,9,91.7002659797668,64.1611480223598,26.2838977177938,1.198236277071,32.6154001871745,1.74979133261345,19.953733253479,1.1926700821777,28.8359665552775,6.55501244139137,1.45600001613299,0.818438706686958
"Brazos_2020_16",30.926287,-96.225878,10,113.701599240303,93.0305277423091,20.9123776753743,0.979974152888788,27.6840665817261,1.297451999921,14.1418334007263,1.52037019404474,21.4814332008362,4.03549087676136,0.953133335709572,0.409715865100786
"Brazos_2020_16",30.926287,-96.225878,11,95.66833375295,65.3743423470474,15.1981774012248,1.8880910861904,21.5497000376383,2.22766125038417,8.8480332215627,1.89831237367278,13.666366704305,3.04425382702567,0.662733333309491,0.265276299974436
"Brazos_2020_16",30.926287,-96.225878,12,99.0042669614156,65.2179477667046,11.0853971163432,1.43459010674122,17.1809000015259,1.71933428859588,4.99100003242493,1.71020655425945,10.202366622289,1.93696216602099,0.660533328354359,0.230381946364126
"Brazos_2020_18",30.524669,-96.209114,1,92.2923669258753,60.6839382396278,10.1483338832855,1.87594072436932,16.2712665875753,2.21513223016815,4.02719996571541,1.91721695720181,9.92106677691142,2.19132096197402,0.567499996225039,0.186296342066877
"Brazos_2020_18",30.524669,-96.209114,2,73.8285664717356,54.3798259414437,12.3215839385986,2.04900027242115,18.4029000600179,2.47731562603032,6.24156664212545,1.97576782040595,11.52636663119,3.02339452197659,0.696099999547005,0.262070444135807
"Brazos_2020_18",30.524669,-96.209114,3,86.5969334920247,54.8775174106225,16.0860973358154,2.02741443635448,22.1425333658854,1.90674994556387,10.0310666561127,2.29294830204701,14.3011666615804,2.0630875765856,0.843333332737287,0.355921172647504
"Brazos_2020_18",30.524669,-96.209114,4,77.3040664541225,52.390672923792,19.9828975041707,1.49349201396283,26.1003332773844,1.54210904165681,13.8666999816895,1.66182997658962,17.8836668014526,2.94681296237051,0.919100003441175,0.41649658568784
"Brazos_2020_18",30.524669,-96.209114,5,124.234166447322,82.1306161370528,24.2949941635132,1.15145509759646,29.957066599528,1.42612183155499,18.6343664805094,1.10512867806409,21.6708333651225,3.9765516175339,1.08686666190624,0.534392249240706
"Brazos_2020_18",30.524669,-96.209114,6,109.717300224304,72.2269592911974,27.9150978088379,0.951268642398835,33.4108997980754,1.51655062168465,22.4206665674845,0.758757637137184,27.5953001658122,6.43984740054555,1.5466333369414,0.845206020291999
"Brazos_2020_18",30.524669,-96.209114,7,56.3391997814178,55.849462068831,29.2716779708862,0.977054921985876,35.0925002415975,1.54523918296344,23.4518334070841,0.686783412137536,32.3786334355672,6.24283810688215,1.47836666951577,0.692528986631974
"Brazos_2020_18",30.524669,-96.209114,8,83.5534661134084,107.151660848941,29.4979479471842,1.01592669522926,35.7403001149495,1.50003566831984,23.2568333943685,0.811762719992758,35.6623668670654,6.18002199318276,1.73293333649635,0.725651493383165
"Brazos_2020_18",30.524669,-96.209114,9,88.6972005526225,61.7467013676689,26.5624510447184,1.19614132885452,32.7972998936971,1.72138777271127,20.3287334442139,1.21048176748489,29.1674999237061,6.54745924035723,1.53159998854001,0.837982017269789
"Brazos_2020_18",30.524669,-96.209114,10,120.754300061862,107.292387719591,21.2289276123047,1.00084359824824,27.9496000289917,1.31824154532619,14.5094665527344,1.48999063640385,21.6855999310811,4.15787005020761,0.906200001637141,0.399143600903334
"Brazos_2020_18",30.524669,-96.209114,11,98.3581339200338,68.210457672464,15.4383306185404,1.94813257915931,21.7425333023071,2.28103944283072,9.13546663920085,1.91920992008296,13.7214331944784,3.14056043836472,0.671866660813491,0.295082651580356
"Brazos_2020_18",30.524669,-96.209114,12,94.136634127299,60.7327091130047,11.1891304334005,1.47128366469029,17.3229998906453,1.71946576375087,5.05669998725255,1.74871710136344,10.1530000686646,1.91584368691369,0.594999998311202,0.214400365480524
"Burnet_2020_12",30.824885,-98.059505,1,51.2648331244787,37.4546350711478,8.81360038121541,1.77391646856663,15.1652333577474,2.30406981763809,2.46326667467753,1.62917702074627,10.2972334067027,2.74865614568942,0.81846666286389,0.441789823379148
"Burnet_2020_12",30.824885,-98.059505,2,50.2892668644587,42.0659422365135,10.7796005249023,1.96438342374574,17.285000038147,2.55753617289688,4.27523336807887,1.6857082827042,12.0744333426158,3.41126551417927,0.875033340851466,0.452068319509984
"Burnet_2020_12",30.824885,-98.059505,3,71.775799481074,44.6491658524938,14.730450630188,1.86688364468911,21.11210009257,1.85070196615313,8.34983343283335,2.12113183771997,14.728999932607,2.34967839655421,1.10640000104904,0.411291627964954
"Burnet_2020_12",30.824885,-98.059505,4,62.4110328435898,45.2159534370298,18.8288276354472,1.58738061950393,25.2907332102458,1.73610871636375,12.3681334177653,1.73351331351261,18.8896999359131,3.58382411954441,1.37039999763171,0.53852579747812
"Burnet_2020_12",30.824885,-98.059505,5,110.682733154297,56.2766193446078,23.1750275293986,1.41240972957396,28.9279998779297,1.71696676371914,17.4232999801636,1.32308220286695,21.4736002286275,4.63016558746249,1.51473334133625,0.766139643180401
"Burnet_2020_12",30.824885,-98.059505,6,95.4885671933492,63.9745734031491,26.9520844777425,1.16183120669758,32.7263330459595,1.53947789004617,21.1792000452677,0.973491687372937,28.2807334264119,5.89472087854067,2.06319999794165,1.11320485691873
"Burnet_2020_12",30.824885,-98.059505,7,49.0372660477956,54.5560686554527,28.6468446095785,1.02372769140988,34.6935333887736,1.51817995112906,22.6012665430705,0.732468318015345,34.7891000747681,6.32445395277752,2.77160001993179,1.35830200362695
"Burnet_2020_12",30.824885,-98.059505,8,53.7245667139689,53.1026365500972,28.8656614303589,1.17700855988524,35.1335664113363,1.55455217481669,22.5991999944051,0.968088542510461,36.805299949646,6.12051884710675,3.26950003306071,1.52577906925694
"Burnet_2020_12",30.824885,-98.059505,9,79.7904660463333,62.1425612702188,25.4050145467122,1.26556757260794,31.5327333450317,1.79904605280224,19.2783667246501,1.20664190276542,27.8351000467936,6.55928252191231,2.21973332713048,1.40318098694693
"Burnet_2020_12",30.824885,-98.059505,10,88.6750663677851,76.9676362960832,20.0080643971761,1.03310695562316,26.4733667373657,1.43845737937448,13.544066619873,1.49532425422366,20.256266784668,4.09714253509662,1.40920000274976,0.625905940726923
"Burnet_2020_12",30.824885,-98.059505,11,66.4331335005506,61.6507115075412,14.0871638933818,2.05114847068796,20.3469333648682,2.25903570817947,7.82873331705729,2.13140299212607,13.3802332878113,3.10360502237169,1.01373332838217,0.475469919924462
"Burnet_2020_12",30.824885,-98.059505,12,53.0597667535146,46.8702693337936,9.59221038818359,1.16359293789798,15.9291999816895,1.67726132667482,3.2565999964873,1.33358097109397,10.2882666905721,2.26818351605703,0.806699994703134,0.409787342546673
"Burnet_2020_14",30.840194,-98.343954,1,43.838333483537,31.1313322695893,8.81853381792704,1.77584580767297,15.3229998588562,2.26552018648712,2.31583331413567,1.66979547116527,10.648766597112,2.75978396954924,0.821433333555857,0.411429940017299
"Burnet_2020_14",30.840194,-98.343954,2,47.8662669142087,41.2853201393582,10.8826672236125,1.96989135585175,17.5176666259766,2.56803462724779,4.24890001217524,1.69528631752268,12.6530000368754,3.54173038519177,0.926300003131231,0.442995310052574
"Burnet_2020_14",30.840194,-98.343954,3,71.1022004127502,50.3095596038575,14.8737474441528,1.88773873445223,21.3503667831421,1.92737457610313,8.39846666653951,2.10525620703645,15.3881000518799,2.65198797079441,1.18599999845028,0.418579285808214
"Burnet_2020_14",30.840194,-98.343954,4,53.8172666231791,38.3402152127625,18.9543974876404,1.5217839597553,25.4616668065389,1.7129646861831,12.4482000033061,1.64700651127152,19.5614332199097,3.69496837697647,1.49473333358765,0.502461596328785
"Burnet_2020_14",30.840194,-98.343954,5,101.614700380961,50.4445042510459,23.2009475708008,1.36758803346811,28.9675668080648,1.68483046508962,17.4354999224345,1.31339873004578,21.903066666921,4.74336845545568,1.61659999887149,0.688639617799535
"Burnet_2020_14",30.840194,-98.343954,6,81.8214005152384,61.3952521484135,27.0298443476359,1.16876335368618,32.9125,1.5820388344994,21.1480333328247,0.949280507363918,29.2480332056681,6.15571231220353,2.23653334875902,1.02270574002243
"Burnet_2020_14",30.840194,-98.343954,7,49.1598996738593,60.1935625984006,28.748034731547,1.12206567499161,34.8860336939494,1.6763898266534,22.6110333124797,0.740486643841117,36.0275667826335,7.237803378962,3.12686667442322,1.27777109513596
"Burnet_2020_14",30.840194,-98.343954,8,49.1560997227828,47.5311144637709,28.8482347488403,1.22105452948109,35.1717004140218,1.61121948634022,22.5259333928426,0.978101449230767,37.681500116984,6.52810362306039,3.61363329092662,1.51280779239403
"Burnet_2020_14",30.840194,-98.343954,9,71.1801998287439,50.1407732678887,25.4334110895793,1.32934086119877,31.6697001139323,1.86785547366942,19.1982666015625,1.22538010824911,28.6536998748779,6.91458001380518,2.32496665517489,1.4159310233947
"Burnet_2020_14",30.840194,-98.343954,10,84.0952014485995,77.9369441123704,20.0317609151204,1.10046501021979,26.6508331298828,1.53101135854386,13.4138000806173,1.49697399339377,20.9786332766215,4.40991445060559,1.43343333899975,0.664714030696964
"Burnet_2020_14",30.840194,-98.343954,11,56.9573996088778,57.0868259802774,14.2676671346029,2.01932892071633,20.636600112915,2.21815277985566,7.89989992777507,2.08295983136862,13.9659999529521,3.11365658395971,1.06563333570957,0.462156449390495
"Burnet_2020_14",30.840194,-98.343954,12,49.8077332278093,48.7167528217818,9.69439702033997,1.18247036519681,16.2124666849772,1.67778315639501,3.17740000685056,1.31258015652106,10.8060333410899,2.28743408801244,0.825133334100246,0.371472994170423
"Comal_2020_19",30.00668,-98.31665,1,58.8512663741907,42.3621385832703,9.21643379529317,1.81148439150861,15.9202333450317,2.21676599508882,2.51400000055631,1.86441121520507,10.7794333299001,2.66957948820612,0.656566667805115,0.31497057229079
"Comal_2020_19",30.00668,-98.31665,2,48.940666796267,41.2245169200026,11.2650172710419,1.92542382649741,18.1079999923706,2.43744256576235,4.42336667577426,1.83621711780487,12.7330332756042,3.43175541612581,0.736700001110633,0.421089736151161
"Comal_2020_19",30.00668,-98.31665,3,68.5397000630697,44.1829494807054,15.0779673576355,1.82370116908495,21.7750001907349,1.77645904158324,8.38206661542257,2.13362162540796,15.5662333806356,2.51158700669368,0.945833333333333,0.361842521570659
"Comal_2020_19",30.00668,-98.31665,4,65.0906007130941,48.3746855064674,18.8648508389791,1.56522881314639,25.6646666208903,1.80804144837693,12.0665000279744,1.72250573688859,19.5464999516805,4.29106162858402,1.06963333884875,0.465338336076119
"Comal_2020_19",30.00668,-98.31665,5,118.688932228088,98.8583767634622,23.0419808705648,1.32337968183674,29.0428999582926,1.74360991498948,17.0421332677205,1.24829734398236,21.9161332448324,4.99857814503967,1.17603332294772,0.64536615095225
"Comal_2020_19",30.00668,-98.31665,6,80.6058993339539,68.7403292139441,26.5558646519979,1.09870820331928,32.600333404541,1.63929213098112,20.5126333236694,0.920824909217897,28.3755331675212,6.4458011053035,1.47223332325617,0.816235831608067
"Comal_2020_19",30.00668,-98.31665,7,59.9327335039775,91.178495076799,27.9425811131795,1.03812796071182,34.2246332168579,1.75303169927037,21.6619332631429,0.625295400605159,34.0193335851034,7.27924780291034,1.74070000251134,0.866728651766466
"Comal_2020_19",30.00668,-98.31665,8,61.161467397213,64.1149326901921,28.2205112457275,0.982592226829352,35.0247002919515,1.43955529065466,21.4172667821248,0.778685219523542,37.4909999847412,5.99532312809354,2.03636666337649,1.06303325034565
"Comal_2020_19",30.00668,-98.31665,9,97.9572001701842,75.3748567913147,24.9110476811727,1.17308351176198,31.5466332117716,1.76989082409376,18.2765001296997,1.27591519197991,28.1086999257406,6.65820394396273,1.22936665738622,0.919360338755077
"Comal_2020_19",30.00668,-98.31665,10,105.824167376757,106.428368226191,19.9028109868368,0.934309679445781,26.7124332427979,1.34509896507827,13.0941999753316,1.55299907696486,20.4563999493917,4.04764982608401,0.917466665804386,0.488276540392353
"Comal_2020_19",30.00668,-98.31665,11,70.8914330720902,70.8296345892221,14.1687939008077,1.89847668736069,20.7433335622152,2.13791107210606,7.59533336957296,1.97184977302977,13.6685332934062,3.0063910033484,0.737966660037637,0.343105135500046
"Comal_2020_19",30.00668,-98.31665,12,54.1768668651581,62.1385182379488,10.1164138476054,1.21495637176349,16.6856666882833,1.64712482014767,3.54863331913948,1.45319878207323,10.7666666348775,2.40296782891958,0.694533332933982,0.354873435084035
"Comal_2020_21",29.787704,-98.434563,1,56.705866467456,40.6034531577755,9.80136706034343,1.76814207980627,16.3506999015808,2.20375265436969,3.25346666872501,1.77111761855691,10.9719000180562,2.64991605609277,0.726000006000201,0.292124917181973
"Comal_2020_21",29.787704,-98.434563,2,47.3633997514844,39.3802690111664,11.899197324117,1.9037678096514,18.6264667510986,2.42191251452108,5.17296671470006,1.83733710941033,13.1674665927887,3.6102519243406,0.825800003111362,0.412603040065835
"Comal_2020_21",29.787704,-98.434563,3,68.020499753952,39.8529154081753,15.6159507115682,1.83979231259476,22.2431666056315,1.78220899396416,8.99010000228882,2.14054490067209,16.0058666547139,2.6174192275111,0.991000004609426,0.368359639438855
"Comal_2020_21",29.787704,-98.434563,4,60.8762001276016,47.7273294601329,19.4680507024129,1.49924410037184,26.2583667119344,1.69900476452904,12.6789000511169,1.70132753786963,20.35486647288,4.1881583406334,1.14046667814255,0.510697752914577
"Comal_2020_21",29.787704,-98.434563,5,111.86453286012,84.2299357628949,23.640727742513,1.26556812671724,29.823099899292,1.6245144161003,17.4595000267029,1.24462795698917,23.5935666402181,4.9516582805,1.26146666010221,0.669825187570656
"Comal_2020_21",29.787704,-98.434563,6,91.0125332514445,81.6924886745916,27.0249012629191,1.0794644827304,33.1894000371297,1.57110886070592,20.8617332458496,0.903939441557139,29.88680006663,6.44360184670882,1.54686667025089,0.846029264779961
"Comal_2020_21",29.787704,-98.434563,7,67.694333277146,98.2827699360667,28.3430312474569,1.03794010607177,34.7688002268473,1.73136989681848,21.9182999928792,0.595380348790156,35.4556999206543,7.35139512357585,1.73053332567215,0.844858088764774
"Comal_2020_21",29.787704,-98.434563,8,61.1191659629345,59.9604249929754,28.6583644866943,0.942265274785185,35.4716335296631,1.40044613186176,21.8462999343872,0.732917994132158,38.5200664520264,5.96964604591371,2.08646666010221,0.973772676028188
"Comal_2020_21",29.787704,-98.434563,9,100.056133685509,96.2567354247391,25.5239975611369,1.1626984197149,32.1233334223429,1.7303056222603,18.9257666905721,1.15260402884917,29.3417999903361,6.61073973151664,1.50339999496937,1.03740689037159
"Comal_2020_21",29.787704,-98.434563,10,111.090967504183,126.764854984256,20.6076809565226,0.977472343139496,27.4480999628703,1.40225456279918,13.7684333483378,1.44996143388795,21.8074000676473,4.12659290208255,1.1084999890998,0.548910876365462
"Comal_2020_21",29.787704,-98.434563,11,71.3150989055634,71.7458044665701,14.7801972707113,1.89077877934987,21.3206000010173,2.13130730941172,8.24123331705729,1.95692495534033,14.2341333389282,3.08024317339342,0.826699997981389,0.357709392496128
"Comal_2020_21",29.787704,-98.434563,12,56.2849338938793,64.9658444932769,10.6259138425191,1.1985587347164,17.1097666740417,1.62780915095646,4.14346665938695,1.49201141131225,10.9462333043416,2.37592184953863,0.726999995112419,0.327915040923999
"Edwards_2019_17",29.953118,-100.356582,1,22.7803001602491,20.5190464501525,9.01413370768229,1.6505800000454,15.6705999692281,2.23045325099414,2.3589000115792,1.58863929013778,11.463133319219,2.87377660466886,0.969366676608721,0.37283060176565
"Edwards_2019_17",29.953118,-100.356582,2,24.2474331999818,24.1919023349011,11.1574004650116,1.72994320948188,18.1302665074666,2.30963494416863,4.18603333830833,1.596487866494,14.0236333847046,3.46745855547434,1.05320000151793,0.50674290885794
"Edwards_2019_17",29.953118,-100.356582,3,47.5082332253456,38.2711329289328,15.0461805661519,1.74655699895121,21.9583000818888,1.7547475043465,8.13533334732056,2.08786758049553,17.3706333478292,3.0108030747104,1.3498000005881,0.518351068454965
"Edwards_2019_17",29.953118,-100.356582,4,40.8408332467079,30.2868569140398,18.9443607012431,1.44280716814081,25.9590997695923,1.79705805635743,11.9309666633606,1.5227721774853,22.1151666641235,4.70626770847861,1.79263334572315,0.714845276846796
"Edwards_2019_17",29.953118,-100.356582,5,76.2352666219076,55.7023197439509,23.0114309946696,1.35377932264623,29.2817331314087,1.91415426785108,16.7423333485921,1.16212721811861,24.7026334762573,5.84576658792101,1.84573333660762,0.831699922518951
"Edwards_2019_17",29.953118,-100.356582,6,69.7518338501453,61.4644833148815,26.3813976923625,1.14301009644248,32.4675999323527,1.69636050922259,20.2962998708089,0.763606923245391,29.7561668395996,6.60523877091216,2.34663333594799,1.07534052371124
"Edwards_2019_17",29.953118,-100.356582,7,48.0326669792334,54.7721667544738,27.5801979700724,1.10727406073332,33.790566444397,1.64711099457096,21.3710333506266,0.724538732243541,34.2971665700277,6.57460605225943,2.79819996953011,1.27554208669832
"Edwards_2019_17",29.953118,-100.356582,8,56.5360668818156,59.3818076244954,27.6493645350138,0.972961050606135,34.0477332433065,1.41658924353109,21.2522333145142,0.671695903167737,35.3954334894816,5.7686828592742,2.99579999446869,1.24745738662436
"Edwards_2019_17",29.953118,-100.356582,9,75.2627666393916,57.9013295432247,24.4844008127848,1.1813163583521,30.5635335922241,1.72534834789665,18.4066333134969,1.10438864135772,26.4754332542419,6.13251297970317,2.08673333923022,1.30943821072826
"Edwards_2019_17",29.953118,-100.356582,10,67.4873992522558,74.4962733393219,19.7612473805745,0.894648198777093,25.9823666890462,1.42267527383028,13.5411666870117,1.22219870487571,19.718733437856,4.05806005213845,1.57126667896907,0.712871422808134
"Edwards_2019_17",29.953118,-100.356582,11,37.0181663870811,43.477365815396,13.7322340329488,1.71978845705289,19.9881999969482,2.04831841772509,7.47743333180745,1.7971098904599,13.5496666113536,3.10673687493625,1.07839999993642,0.405784950561264
"Edwards_2019_17",29.953118,-100.356582,12,26.7048333359727,27.1177701125024,9.65066045125326,1.29736674936762,16.2146001497904,1.6197104612568,3.087999988844,1.61165136679782,11.3112333615621,2.48598493738644,0.938899999856949,0.403861650797623
"Fayette_2019_04",30.093534,-96.780727,1,80.7753000815709,54.3107102443475,10.7954671859741,1.88189879109316,16.6848666508993,2.26074836917324,4.90730003118515,1.82065851410052,10.1918999354045,2.37959356516968,0.737966664632161,0.282135390980452
"Fayette_2019_04",30.093534,-96.780727,2,68.9637675762176,52.9777351212334,12.7757305463155,2.00579344259659,18.7056664466858,2.45317551438113,6.84726665814718,1.95050080474903,11.6403999646505,3.12664983185226,0.782199997703234,0.310609008581716
"Fayette_2019_04",30.093534,-96.780727,3,79.377467473348,46.0264885916528,16.3806341807048,2.00291012877308,22.4565666834513,1.8421733087595,10.3061999638875,2.32656455080865,14.722200012207,2.12037701477752,0.882466671864192,0.323024255961399
"Fayette_2019_04",30.093534,-96.780727,4,82.7777667363485,66.7029751670773,20.1738808314006,1.49426894526571,26.3354332605998,1.59228290828816,14.013466612498,1.67122196236388,18.4932665506999,3.42587395831404,1.03396666546663,0.430251058952225
"Fayette_2019_04",30.093534,-96.780727,5,121.540999205907,102.093948935562,24.286661084493,1.22517001846114,29.9781000773112,1.49101679998796,18.5963333129883,1.19614817411617,21.915700117747,4.16156460722123,1.13213333586852,0.53836955168118
"Fayette_2019_04",30.093534,-96.780727,6,100.977765905857,58.0636594236764,27.5922978719076,0.978461354065317,33.3116998036702,1.5250851474854,21.874066734314,0.790808677337282,27.739066696167,6.55173082307945,1.16083333988984,0.704459448857407
"Fayette_2019_04",30.093534,-96.780727,7,55.5599664554,49.1473738922943,29.1360978444417,0.987755677893357,35.1197330474854,1.60491168361605,23.1535666147868,0.631596812210736,33.0486670176188,6.65691370739797,1.3701666623354,0.700660134368439
"Fayette_2019_04",30.093534,-96.780727,8,78.2262988487879,111.412145417682,29.4983313242594,0.922619311952926,35.847500483195,1.38663192536045,23.1500668207804,0.648281650769463,36.6771332422892,5.70532164048478,1.74849999919534,0.662046562069472
"Fayette_2019_04",30.093534,-96.780727,9,92.6175994078318,62.6743405027133,26.4762977600098,1.16240875783341,32.6193664550781,1.69039584520412,20.334500058492,1.21384541815611,28.5572668075562,6.60070211661609,1.5224333435297,0.892954295690456
"Fayette_2019_04",30.093534,-96.780727,10,113.265600022612,97.9029812405553,21.4791974385579,0.925976965249372,27.942400042216,1.24620957812403,15.0169333457947,1.46358829242025,21.4224331855774,3.98089060166565,1.14313332984845,0.471058436625808
"Fayette_2019_04",30.093534,-96.780727,11,87.8801000912984,67.8121479252605,15.7225306510925,1.921322862882,21.9397998809814,2.21319955222864,9.50663329760234,1.93631235835827,14.0369000434875,3.05813168521538,0.835133326053619,0.319897363586013
"Fayette_2019_04",30.093534,-96.780727,12,81.8290667851766,56.9061592931343,11.6853105862935,1.42826981263072,17.6340999603271,1.74481542424813,5.73773334026337,1.67293156225246,10.3685000260671,2.11076754219509,0.736599999666214,0.264788216015621
"Fayette_2020_09",29.860296,-96.71418,1,77.3346000353495,50.4560116828037,11.0200338681539,1.87880052330756,16.8861666361491,2.29184664282417,5.15530002117157,1.78938414679343,10.1920666694641,2.36354768653809,0.697333332896233,0.253394109846916
"Fayette_2020_09",29.860296,-96.71418,2,62.4048998832703,47.1557167540007,13.0218839168549,2.01045179371871,18.9070665677389,2.4279601567519,7.13816661834717,1.99516236937711,11.6669667085012,3.25082657188973,0.731300002336502,0.288678581529241
"Fayette_2020_09",29.860296,-96.71418,3,73.7209667205811,45.6118547536977,16.6363806088765,2.01522352046201,22.5969000498454,1.83524005058938,10.6771999518077,2.38098980305546,14.6085667292277,2.14537695708924,0.828899996479352,0.305517466135217
"Fayette_2020_09",29.860296,-96.71418,4,94.3630326430003,98.2386984267945,20.4074810028076,1.45656177995372,26.469900004069,1.59650993186287,14.3462666829427,1.61069235161889,18.4889666875203,3.44237822552225,0.989666665593783,0.385448623272854
"Fayette_2020_09",29.860296,-96.71418,5,117.51749962767,87.7821015072548,24.5268643697103,1.24693989940785,30.1542332967122,1.56864619726772,18.9007333755493,1.16198961798654,22.1370999018351,4.3287294135705,1.12070000469685,0.540305539812463
"Fayette_2020_09",29.860296,-96.71418,6,101.995132941008,68.5858951988906,27.7774812062581,0.946875458768448,33.4095327377319,1.54928868813056,22.1467667261759,0.818745095588631,27.832066599528,6.46837328524145,1.21713333129883,0.572781040111299
"Fayette_2020_09",29.860296,-96.71418,7,60.4632326066494,50.2358053140512,29.1846780141195,0.968689106098059,35.1780666987101,1.60129745368343,23.192599995931,0.697041167231731,33.1050666809082,6.64904421324904,1.24160000185172,0.56634012722385
"Fayette_2020_09",29.860296,-96.71418,8,78.8909660657247,103.187934970088,29.520267868042,0.906225017695771,35.9141001383464,1.408646549534,23.1276999791463,0.718954375962592,36.6051999409993,5.70448050935217,1.53956666489442,0.532505126049846
"Fayette_2020_09",29.860296,-96.71418,9,84.168500494957,60.0433240197435,26.5609277089437,1.14882726613339,32.7122999191284,1.71814897944539,20.4104001363118,1.31043375386656,28.5431999206543,6.79274616018474,1.3419666732351,0.77735030393378
"Fayette_2020_09",29.860296,-96.71418,10,113.548766470949,103.852725453006,21.733277575175,0.931186879968986,28.1633333206177,1.19412718175925,15.3042666435242,1.52264910343512,21.7387334187826,3.99555263389596,1.15683333873749,0.454192507973832
"Fayette_2020_09",29.860296,-96.71418,11,92.9249659697215,72.6655481679126,15.9398175239563,1.89360061218933,22.1168334960938,2.21757061286749,9.76383341153463,1.9035638161726,14.054499912262,3.17895042509521,0.802766660352548,0.317660586128081
"Fayette_2020_09",29.860296,-96.71418,12,77.3049672762553,53.1405296531216,11.9652305285136,1.43152642698077,17.8495334625244,1.71846740475203,6.08223337332408,1.71392272149511,10.3122666676839,2.1148322042565,0.685666659474373,0.259410239757833
"Fayette_2021_12",29.864081,-97.206843,1,68.1063329378764,48.3634240145936,10.5017338434855,1.88509260497665,16.8251667022705,2.3307847595318,4.17929999331633,1.81504404658241,10.5794999599457,2.54120538326036,0.585699997345607,0.281224800565264
"Fayette_2021_12",29.864081,-97.206843,2,54.8922994673252,45.9119516871914,12.6080306371053,1.9882202723851,18.8885332743327,2.47047311752669,6.32870002587636,1.96324383023645,12.1754332701365,3.35219281262964,0.664433335264524,0.344077149798433
"Fayette_2021_12",29.864081,-97.206843,3,76.3051331679026,45.3646608372894,16.2936007181803,1.99561880148427,22.6326002120972,1.91185472443664,9.95559995969137,2.25113725139965,15.049000008901,2.34185966742081,0.759500006834666,0.350679330458786
"Fayette_2021_12",29.864081,-97.206843,4,83.1986663638304,67.2754742180037,20.0206508000692,1.52504594081674,26.3927000045776,1.6136170242185,13.6500332832336,1.7620702751659,18.5629665374756,3.65898326615635,0.833533331751823,0.465036281459172
"Fayette_2021_12",29.864081,-97.206843,5,115.948966487249,81.1745580071072,24.2003842671712,1.33468184149622,29.9733334859212,1.55919280836608,18.4284999847412,1.36779733305093,21.7950668652852,4.41422024986687,1.03186667139331,0.630959910388702
"Fayette_2021_12",29.864081,-97.206843,6,92.5486665050189,55.4278513067465,27.594317817688,1.01875331813161,33.3567332585653,1.5847613191683,21.8331333796183,0.814174045846402,27.7876331965129,6.61157609639514,1.1197000036637,0.712775750455842
"Fayette_2021_12",29.864081,-97.206843,7,55.6827665487925,50.2548978950676,28.9912645339966,0.999978967315457,35.1073664347331,1.62746969251593,22.8765998204549,0.653164882884349,33.2642663955688,6.75523037052703,1.21286665896575,0.655531190201942
"Fayette_2021_12",29.864081,-97.206843,8,80.7895663579305,117.135939984367,29.2559946695964,0.960380294908453,35.8868335723877,1.41831691003164,22.626066716512,0.736605033447643,37.0925001780192,5.80539703119754,1.4128999983271,0.584109357767249
"Fayette_2021_12",29.864081,-97.206843,9,93.5618001619975,65.6378670756066,26.2057345072428,1.11820865548286,32.6579002380371,1.6796944480125,19.754799969991,1.24034390661796,28.8745000839233,6.66453207946839,1.23173333605131,0.816074507133599
"Fayette_2021_12",29.864081,-97.206843,10,116.159467151761,111.531512432948,21.1873141606649,0.897385393261623,27.9792663574219,1.3012050152514,14.3966334025065,1.51570330441968,21.7100666364034,4.21157549348582,0.903433330357075,0.407574296100914
"Fayette_2021_12",29.864081,-97.206843,11,80.1393333117167,69.5923634119667,15.542330678304,1.95730627567253,22.0692665735881,2.23373182811391,9.01666666666667,1.99851818238314,14.4270666758219,3.18717706036984,0.732100000480811,0.336960887424787
"Fayette_2021_12",29.864081,-97.206843,12,73.2616000493367,58.2043119816632,11.3799338022868,1.33015945918731,17.7614333470662,1.79253933294046,4.99966665903727,1.54089747667333,10.7270332972209,2.33804807975804,0.577533331016699,0.310011313875115
"Harris_2020_03",29.877754,-95.309644,1,109.205967489878,64.8176745710414,12.0520671844482,1.91194283047345,17.2475666681925,2.1180595081548,6.8579999367396,1.87202562354119,9.47869997024536,1.82949888394298,0.774499998490016,0.280513408372278
"Harris_2020_03",29.877754,-95.309644,2,84.4324666341146,60.5541114275593,14.1973507563273,1.98402400724426,19.3893000602722,2.10884908681015,9.00633331934611,2.05981999427777,10.9865332921346,2.41683762065203,0.881699999173482,0.308589469843685
"Harris_2020_03",29.877754,-95.309644,3,96.6177332560221,62.0808372258751,17.5300841967265,1.89839886367733,22.6875667572021,1.71341033482538,12.3738334019979,2.13634101529817,13.4389333724976,1.63969540845686,1.01969999670982,0.399063744900792
"Harris_2020_03",29.877754,-95.309644,4,101.356366594632,75.9067904767526,20.9484941482544,1.35099513822391,25.9169001261393,1.24527135737716,15.9811332702637,1.56861657729335,16.0910667101542,2.05063898282224,1.32296667098999,0.453798629582924
"Harris_2020_03",29.877754,-95.309644,5,141.680700600147,97.6960004083542,25.03616771698,0.992438544305891,29.7630001068115,1.05881116187393,20.3102666854858,1.10293679372417,19.8171998977661,2.83674616262546,1.68939998547236,0.66940414067574
"Harris_2020_03",29.877754,-95.309644,6,155.134500702222,98.3701354720277,28.1786680221558,0.813637151341213,32.7824333826701,1.06733869518769,23.5760000228882,0.779492842243535,23.8931332270304,4.34168229263563,2.01823334693909,0.78481909747203
"Harris_2020_03",29.877754,-95.309644,7,118.627966562907,97.2584211477721,29.2426478068034,0.69345564031264,33.9020334879557,1.10753216295505,24.5844665527344,0.522219927300341,26.3002333958944,4.31754866305774,2.07793332537015,0.656404988882913
"Harris_2020_03",29.877754,-95.309644,8,149.53073237737,205.848750877332,29.4168146133423,0.928335482127591,34.3220333099365,1.20223815490789,24.5129332860311,0.861177730964115,28.1779000600179,4.65599024685037,2.15623331864675,0.730028215637769
"Harris_2020_03",29.877754,-95.309644,9,146.780867004395,100.709187624085,27.0130946477254,0.945672091101109,32.0085998535156,1.21387407838331,22.0187665939331,1.18188416337603,23.7368999481201,4.69056732490366,1.79530000090599,0.665855070662342
"Harris_2020_03",29.877754,-95.309644,10,133.099600975712,115.519626730642,22.3060010274251,0.967710897870548,27.7280000686645,1.04052634565578,16.8850998560588,1.30030981559128,18.5202333132426,3.28125096608666,1.36939999759197,0.544650511694773
"Harris_2020_03",29.877754,-95.309644,11,121.728766059875,85.5391573694922,16.882360680898,1.93815125968857,22.2636333465576,2.02772106192766,11.5021000226339,1.99636579325599,12.7909333864848,2.52848830550968,0.931600001454353,0.347892044060132
"Harris_2020_03",29.877754,-95.309644,12,108.440633138021,50.2491358205393,13.1261972427368,1.50295651388069,18.3201333999634,1.59625522461054,7.9335999806722,1.65203004650133,9.60876660346985,1.5567861263815,0.763600005706151,0.248595733076743
"Hays_2021_54",29.957819,-98.165764,1,60.7313340062586,45.5368588965385,9.96360046068827,1.80232698138727,16.258366616567,2.20457470791681,3.67006669243177,1.79609195518662,10.8453333377838,2.61917033573006,0.876399995386601,0.365159627889087
"Hays_2021_54",29.957819,-98.165764,2,49.1596001153191,40.1349657429529,12.0592806180318,1.95476170392311,18.5069999376933,2.46252178588521,5.61283338069916,1.83727113911469,12.8246666590373,3.56914625178882,0.957033335169156,0.454696513679959
"Hays_2021_54",29.957819,-98.165764,3,66.1321329871814,36.9114229453015,15.8086673418681,1.87574350643072,22.1211999893188,1.84603512517587,9.49743339220683,2.14543788597212,15.5406000455221,2.62011735548296,1.18709999422232,0.389393978726905
"Hays_2021_54",29.957819,-98.165764,4,65.2597002188365,47.4008521104484,19.6226174036662,1.54937963071429,26.0090666453044,1.73514830275836,13.2372332572937,1.70997436098329,19.4562333106995,4.10240092918649,1.40253333250682,0.542024219832676
"Hays_2021_54",29.957819,-98.165764,5,107.465166356166,75.0011457054545,23.7263143539429,1.34601775800121,29.4982667287191,1.7026194925228,17.9554333368937,1.26847061649452,22.1805999437968,5.04851762601108,1.50923331926266,0.77952980827179
"Hays_2021_54",29.957819,-98.165764,6,91.5025331179301,74.8679127433957,27.1797678629557,1.13665121592191,32.9726663589478,1.67884453121893,21.3881667455037,0.843593957521652,28.4424666722616,6.73138342052399,1.81339999487003,0.954016062975044
"Hays_2021_54",29.957819,-98.165764,7,63.6009669780731,85.8253347785624,28.5030943552653,1.10491730527515,34.5359332402547,1.81636185621839,22.471466700236,0.608065722327533,33.9797666549683,7.54080464329388,2.10499997536341,1.04108112346484
"Hays_2021_54",29.957819,-98.165764,8,59.9224666970316,69.21632044591,28.9396944046021,0.97674839094809,35.4161665598551,1.43507644118089,22.464266649882,0.737258906348028,37.6471665064494,5.96629861566997,2.56479999522368,1.00992365986725
"Hays_2021_54",29.957819,-98.165764,9,100.144666165113,84.4402205265162,25.7442810694377,1.18203362843625,31.9055000940959,1.77104679479841,19.5842667261759,1.10330735532538,28.2189664840698,6.74420567438559,1.94769999682903,1.25790667209029
"Hays_2021_54",29.957819,-98.165764,10,118.571467455228,137.473053012396,20.7950175603231,0.879792728462908,27.2509998321533,1.40688335976926,14.3402667045593,1.26371475444189,21.1061668078105,4.2961117877184,1.41783332973719,0.627797190309747
"Hays_2021_54",29.957819,-98.165764,11,71.6481001804272,76.2559755983059,15.0961507797241,1.96077404639366,21.2912001291911,2.1632505855404,8.90226667722066,2.03136870044595,14.0997000058492,3.04457987763324,1.16830000281334,0.428105942770253
"Hays_2021_54",29.957819,-98.165764,12,60.9154333591461,67.4371964988116,10.9156938076019,1.22916339003582,17.0764333407084,1.68978364063407,4.75613331397374,1.35660604285919,10.8906667073568,2.38922403302912,0.982033336162567,0.419125732318237
"Kerr_2020_03",30.055868,-99.341589,1,36.9685996331275,28.1293469122498,8.02990039189657,1.69726107300399,15.6595333099365,2.25137001719067,0.401299996798237,1.98385232825596,11.6074000199636,2.85685950233804,0.611366665114959,0.291261998957724
"Kerr_2020_03",30.055868,-99.341589,2,40.4684331357479,41.0228479900922,10.3360504468282,1.84352977024898,17.9446999231974,2.43564820348491,2.72879999876022,1.92687035139251,13.8457999865214,3.53194434355746,0.773200001319249,0.404129841828676
"Kerr_2020_03",30.055868,-99.341589,3,52.8455662608147,34.3171550376368,14.2330638885498,1.75858883165516,21.622366587321,1.72248385864327,6.84523337682088,2.20787049861535,16.8485333760579,2.83768017914657,1.04033333857854,0.437172681624696
"Kerr_2020_03",30.055868,-99.341589,4,56.005100073417,43.4799345002617,18.0849642117818,1.4905953753038,25.4639999389648,1.83812526696636,10.7072333971659,1.67388901884174,21.1954332987467,4.53172917355197,1.36763335168362,0.516659543658677
"Kerr_2020_03",30.055868,-99.341589,5,104.551299540202,61.7690002253909,22.4267943064372,1.30165264862425,28.8047332127889,1.76716737357987,16.0499999682109,1.31431020843579,23.4074333826701,5.27970696171768,1.51310000121593,0.645032450440128
"Kerr_2020_03",30.055868,-99.341589,6,76.4192669073741,68.0284916222805,25.9699809392293,1.08605351773767,32.1233666102091,1.6255530837993,19.8178000768026,0.825301594513732,28.6301668802897,6.26847580735543,1.91083334187667,0.786454168393631
"Kerr_2020_03",30.055868,-99.341589,7,50.4711665868759,58.3129526109893,27.2416811625163,1.02708422708396,33.6795999526978,1.67573383059092,20.804833539327,0.677214745766375,33.8979665756226,6.70844101895377,1.99696668187777,0.910901591722027
"Kerr_2020_03",30.055868,-99.341589,8,57.0343343536059,49.2105359485111,27.4061513264974,0.951680329209276,34.2926672617594,1.50975484273008,20.5206001917521,0.742043411415793,36.4671333948771,6.16056020608046,2.12363332907359,0.841098145221625
"Kerr_2020_03",30.055868,-99.341589,9,83.1742663383484,54.4224597869277,23.8448477427165,1.11801298687575,30.7430000940959,1.7211628051803,16.9480000178019,1.32687298808206,27.6016668001811,6.32584430220479,1.27250000437101,0.811321609520521
"Kerr_2020_03",30.055868,-99.341589,10,71.0682333240906,65.8394956313369,18.9026142120361,0.97157552865695,26.1480332692464,1.43320692097016,11.6582333564758,1.73844882481293,20.8875666618347,3.98817364889567,1.04569999376933,0.419229265084703
"Kerr_2020_03",30.055868,-99.341589,11,46.4963000019391,48.0168054011098,13.1196838061015,1.82209673718004,20.336333211263,2.11314427141592,5.90446666081746,2.14545280970212,14.3755999565125,3.21782088550755,0.755366669098536,0.384468598786506
"Kerr_2020_03",30.055868,-99.341589,12,43.7034667174021,50.5389268769123,8.90661714871724,1.29969000118618,16.3098333994548,1.56517621548854,1.50446668565273,1.86289202732442,11.561699962616,2.47872819748612,0.647566667199135,0.375456388145511
"Menard_2020_01",30.912522,-99.573082,1,30.6041000648673,22.6879111779388,7.82463377316793,1.74388546961328,15.7096666971842,2.36507670908856,-0.0594333251317342,1.80302647178721,12.2639000256856,3.01613977688821,0.66683332969745,0.335822315589257
"Menard_2020_01",30.912522,-99.573082,2,36.171199965477,31.2253340238871,10.1016471544902,1.86949009830535,17.9700000762939,2.59417548847651,2.23456665774186,1.65485027039667,14.5212333361308,3.8195769581901,0.809033340712388,0.439305450827451
"Menard_2020_01",30.912522,-99.573082,3,54.2499666531881,36.2393755131987,14.1403140068054,1.81445144710835,21.926366742452,1.95607278304721,6.35553333759308,2.08409117729277,18.0584999084473,3.22629396893299,1.05450000564257,0.461215619895421
"Menard_2020_01",30.912522,-99.573082,4,45.9967001279195,32.41836424111,18.27720079422,1.50191835486744,26.2815999348958,1.92972643580485,10.274100001653,1.65734063231101,23.7784001032511,4.98363689775533,1.42779999375343,0.598783784307445
"Menard_2020_01",30.912522,-99.573082,5,92.7839670817057,47.8089744464543,22.7790976842244,1.49447468286504,29.754000155131,2.04800516008945,15.8052666982015,1.29473486402713,26.6281667709351,5.99278041814618,1.59936667184035,0.732450605889579
"Menard_2020_01",30.912522,-99.573082,6,72.6367331345876,47.3946758493195,26.4465612411499,1.27230190092637,33.1650666554769,1.79146564473281,19.7292999903361,1.01847515079332,32.3516666412354,6.83807571283314,2.25596666932106,1.07138217278185
"Menard_2020_01",30.912522,-99.573082,7,43.7901331033247,41.9945617600251,27.9265678405762,1.17271057207267,34.8601331710815,1.66535232053567,20.9941666285197,0.837865831399793,37.8418001174927,6.68023021630168,2.60696663657824,1.44519458182997
"Menard_2020_01",30.912522,-99.573082,8,57.4746998175979,39.2585891463853,27.8062012354533,1.19035765243566,34.9607332865397,1.68596229897775,20.6529666900635,0.860099783780903,38.5210330327352,6.62677188089368,2.60963330864906,1.40839499760334
"Menard_2020_01",30.912522,-99.573082,9,65.3979332685471,48.8647245844252,24.1084676106771,1.21424920542935,31.3122331619263,1.83517001145772,16.9058000882467,1.180090484874,29.4390331904093,6.60627527766821,1.41083334187667,1.1029576329019
"Menard_2020_01",30.912522,-99.573082,10,67.4161997318268,63.6665000481498,18.8590140660604,0.952703489658784,26.6465668360392,1.5843706887372,11.072466691335,1.58804933899404,22.6025332450867,4.48320182711415,1.06559999311964,0.51842264376977
"Menard_2020_01",30.912522,-99.573082,11,39.908866473039,44.8941716990976,12.8024605433146,1.76682403878521,20.4509332974752,2.20571123104761,5.15503334204356,1.88573207246909,15.2252001126607,3.40927525434313,0.784766676525275,0.391096931651706
"Menard_2020_01",30.912522,-99.573082,12,32.4160333633423,36.431617641734,8.56615036328634,1.12879307072173,16.4000999450684,1.70052850647775,0.733400007337332,1.48089010992492,12.3815666516622,2.6459972038558,0.676433330277602,0.339054732169037
"Russel_2020_01",30.390675,-96.906408,1,77.9770996173223,62.2890024362333,10.1849005381266,1.84674636016012,16.290066687266,2.2673991321568,4.08100000222524,1.84531743643222,10.186866680781,2.47694697294447,0.668533328175545,0.240571118319138
"Russel_2020_01",30.390675,-96.906408,2,58.4896003166835,48.6698339161808,12.258530553182,2.02691258745835,18.3553000450134,2.51257064077725,6.16310000419617,1.95565834811281,11.6875332991282,3.22326214469715,0.733299998939037,0.300267827235547
"Russel_2020_01",30.390675,-96.906408,3,75.0332664012909,44.299685514482,15.9215973536174,1.96646895553628,22.052699915568,1.86215375566035,9.7915333588918,2.2471844212293,14.3743666648865,2.11680396669256,0.861633342504501,0.298693420228451
"Russel_2020_01",30.390675,-96.906408,4,69.7089669307073,50.1989506286225,19.7344443003337,1.56527078468211,25.9078998565674,1.65159823940812,13.5622999827067,1.74224066320445,17.8759333928426,3.2671269532704,0.977499998609225,0.385526304727007
"Russel_2020_01",30.390675,-96.906408,5,117.733133824666,91.6709260371124,24.0680511474609,1.16649442852232,29.6559335072835,1.41724406775663,18.4812333424886,1.17895130357811,21.1471998850505,3.95766032532264,1.15293333033721,0.441965285427514
"Russel_2020_01",30.390675,-96.906408,6,87.1724341154099,62.8276766033972,27.6603479385376,0.98030386795707,33.2380997339884,1.54798516784517,22.0839998881022,0.75498654252313,27.6026332219442,6.5126946108047,1.4479333370924,0.653232339914293
"Russel_2020_01",30.390675,-96.906408,7,45.4410997231801,43.0494280945491,29.0819646199544,1.02860730216817,34.9198998133341,1.6329828907567,23.2451333999634,0.650306308226745,32.7963999430339,6.72225192715707,1.64016666809718,0.83904433087037
"Russel_2020_01",30.390675,-96.906408,8,69.2093662301699,86.1708494814353,29.357727877299,1.0297440525318,35.6486667633057,1.54239722700108,23.0680332183838,0.67369236642208,36.3228665033976,6.18532991972465,1.91099999199311,0.753636190005828
"Russel_2020_01",30.390675,-96.906408,9,79.6023660262426,58.7898928612416,26.3054810841878,1.16571072101484,32.5362334569295,1.71026069197483,20.0761332829793,1.16252750908444,28.8630332946777,6.5528028451429,1.6259999781847,0.969931151678026
"Russel_2020_01",30.390675,-96.906408,10,121.637133693695,103.721165813325,21.1049474716187,0.996027910152284,27.7203665415446,1.31246458617782,14.4906000455221,1.57493231810669,21.4901330947876,4.09008497186396,1.08123333156109,0.459277296652515
"Russel_2020_01",30.390675,-96.906408,11,82.9819995244344,60.11128473637,15.4073806762695,1.92462364784344,21.734300104777,2.20063255522205,9.08156674702962,1.96984767839778,14.0671999613444,3.00945375642196,0.83236667017142,0.28527802834543
"Russel_2020_01",30.390675,-96.906408,12,84.7002330780029,64.3837727661172,11.1803805033366,1.43230699195284,17.3243332862854,1.77501614971594,5.03786664009094,1.73786566335871,10.430833307902,2.14750294028268,0.706300002336502,0.235298801385501
"Sansaba_2020_01",31.28807,-98.619493,1,41.1354665438334,27.7462818483741,8.01850040753683,1.77850253675732,15.28983335495,2.32767904402838,0.748266666134198,1.75731430888292,11.3346333662669,2.80504716343665,0.678566666444143,0.356401817395885
"Sansaba_2020_01",31.28807,-98.619493,2,49.2856994708379,42.7153145806497,10.2717805544535,1.91582594823472,17.4382332801819,2.47702774510163,3.10670000811418,1.76386595349277,13.2295667171478,3.417036314889,0.82410000115633,0.490448596218434
"Sansaba_2020_01",31.28807,-98.619493,3,66.2763663490613,37.2395244462295,14.34559729894,1.82375915241657,21.3381998697917,1.93605775653184,7.35430006186167,2.06674795454469,16.1355999628703,2.84573625888968,1.06180000603199,0.532801352399417
"Sansaba_2020_01",31.28807,-98.619493,4,56.1095995982488,39.9323358693978,18.5810640652974,1.54214954408453,25.7601331710815,1.9025606477876,11.4030334631602,1.59934149278713,21.1629332860311,4.48162212676601,1.29096667269866,0.625113212115592
"Sansaba_2020_01",31.28807,-98.619493,5,107.879866917928,57.3420649137303,23.0129809697469,1.42245045652984,29.3920331954956,1.88321707497017,16.6348333358765,1.28817343507084,23.9477333386739,5.43058527266355,1.37036665181319,0.671478255879267
"Sansaba_2020_01",31.28807,-98.619493,6,92.7836335500081,74.9893260783791,26.9612447102865,1.23640484827432,33.32430006663,1.71511421470767,20.5992333730062,0.964007369042886,31.0194997787476,6.7042036068379,1.89649999390046,1.11575378882389
"Sansaba_2020_01",31.28807,-98.619493,7,46.6015334765116,51.0892010145753,28.7224178314209,1.11599394478342,35.4036334991455,1.65322781159216,22.0423334121704,0.77094808902716,38.30953318278,7.09933376633646,2.77630000216886,1.52042527567793
"Sansaba_2020_01",31.28807,-98.619493,8,58.4793666238276,56.647410365784,28.6969779332479,1.25589473919753,35.5963665008545,1.6828495969585,21.798666826884,0.977404737481097,39.7525999069214,6.71951760730742,3.19306660691897,1.74959993836557
"Sansaba_2020_01",31.28807,-98.619493,9,64.8089992682139,41.2421886432563,25.100964419047,1.31504231444586,31.8905334472656,1.87656399575895,18.3124999364217,1.15873274944961,30.1459999084473,6.89287696101821,1.90419998963674,1.45738707514631
"Sansaba_2020_01",31.28807,-98.619493,10,79.5708339850108,74.2595362582529,19.5730775197347,1.02032294958665,26.8957000732422,1.64911161439541,12.2515666643778,1.38451353093479,22.4473000526428,4.59204662447388,1.1931333253781,0.634444341139894
"Sansaba_2020_01",31.28807,-98.619493,11,47.827200384438,44.9874961977244,13.646964041392,1.80857614351329,20.6972668965658,2.2843583088143,6.5977666536967,1.78184693744926,14.8976667086283,3.45052604400773,0.880433331429958,0.410594078436744
"Sansaba_2020_01",31.28807,-98.619493,12,42.4054668664932,46.1650836698799,8.92449706395467,1.26508982836797,16.0861333529154,1.80162256786143,1.76393333872159,1.57097907230453,11.5641000270844,2.59308856194763,0.751466667155425,0.33954713286901
"Uvalde_2020_02",29.591111,-100.091111,1,28.6062003056208,23.5755655270197,9.42570039431254,1.59368974513607,16.7016666412354,2.23720668764545,2.15109999080499,1.59088155821876,12.2903000195821,2.95512387719279,0.739033331473668,0.28253195643328
"Uvalde_2020_02",29.591111,-100.091111,2,27.1594330986341,23.7915975650818,11.7067171732585,1.74133527201059,19.0558000564575,2.36968201980102,4.3589000215133,1.68944375450241,14.769700050354,3.74157995511491,0.89243333141009,0.449654699013472
"Uvalde_2020_02",29.591111,-100.091111,3,49.9896004597346,38.8925829211539,15.5507340431213,1.77875031492191,22.7626667022705,1.82219694979559,8.34000005722046,2.10208956004734,17.9441333770752,3.27201540592916,1.11629999577999,0.474697367827382
"Uvalde_2020_02",29.591111,-100.091111,4,49.8103997236739,46.7420791626214,19.3538308461507,1.52035530344578,26.4791000366211,1.94726567879681,12.2297999382019,1.57926268523474,22.1168999036153,5.16169426992678,1.43519999782244,0.65070085874937
"Uvalde_2020_02",29.591111,-100.091111,5,87.8202001571655,63.5326780830997,23.4298309326172,1.35784583991207,29.7436665852865,1.91954808287925,17.1171665509542,1.2041503196061,24.5969667116801,6.02420908759534,1.46153333112597,0.795548375177957
"Uvalde_2020_02",29.591111,-100.091111,6,72.5759669418136,58.1414975068949,26.6963312784831,1.14324508359788,32.8196667989095,1.71543584653383,20.5741000493368,0.787366546852079,29.7357332229614,6.86166248559224,1.93686665594578,1.00721564201439
"Uvalde_2020_02",29.591111,-100.091111,7,51.5393663217624,61.6863888807528,27.8255345026652,1.13519172479534,34.1515332539876,1.78114002674897,21.500733311971,0.699512088192564,34.5145668029785,7.26117078803681,2.22553334708015,1.11571020479659
"Uvalde_2020_02",29.591111,-100.091111,8,59.7379003604253,70.4002133945054,27.9904479344686,0.942550937799638,34.6046663920085,1.40019984963202,21.3775665918986,0.676788014937464,36.3557664871216,5.86229089034817,2.41616665919622,1.11079576803262
"Uvalde_2020_02",29.591111,-100.091111,9,90.7808666706085,77.5298395668256,24.9804976145426,1.11089819172755,31.4641333262126,1.72100062717721,18.4979001998901,1.09477021769412,28.3143666585286,6.48409995823848,1.70819998979568,1.08641927593081
"Uvalde_2020_02",29.591111,-100.091111,10,75.3899004687866,83.9349680112609,20.2692109425863,0.877041737461291,26.9241001764933,1.40813147701612,13.6153000831604,1.40345572010972,21.2017333666484,4.23687912090756,1.35819999376933,0.598173616443279
"Uvalde_2020_02",29.591111,-100.091111,11,40.9875332415104,45.6115033797047,14.3419306119283,1.6757794471808,21.069033241272,2.0380894069227,7.61600003242493,1.83256855418282,14.5701001167297,3.29416922734285,0.883533325294654,0.386182443600988
"Uvalde_2020_02",29.591111,-100.091111,12,30.9210664957762,37.2454454721345,9.97151370048523,1.25659249263203,17.0595998764038,1.57741202645396,2.88476667205493,1.80319081438978,11.8826999664307,2.59519825691596,0.723766675591469,0.356744839459028
"Washington_2020_08",30.284962,-96.406236,1,83.3405995845795,53.2057824535233,10.4548005263011,1.86595808335458,16.4670665740967,2.22141271764295,4.44399998585383,1.87050176648339,9.83656665484111,2.12525002381079,0.551400004327297,0.193494113763043
"Washington_2020_08",30.284962,-96.406236,2,74.7155999024709,55.1181773608096,12.4479671637217,2.04963149950346,18.4991000175476,2.44902697752377,6.39783337116241,2.06015474783176,11.4512000242869,2.99388402449218,0.661633334557215,0.298757601883548
"Washington_2020_08",30.284962,-96.406236,3,83.9923674583435,49.4241897858636,16.1165973981222,2.02838408309033,22.2197667439779,1.8854219969695,10.0146332899729,2.33952106380542,14.2671999931335,2.09523563936931,0.732699995736281,0.400767978411655
"Washington_2020_08",30.284962,-96.406236,4,84.9821012179057,66.7731517786372,19.9011006673177,1.50401543926245,26.0705000559489,1.49694136437686,13.7326667149862,1.77587692461663,17.7962999025981,2.83265754091988,0.79333333025376,0.387154994020295
"Washington_2020_08",30.284962,-96.406236,5,129.682400250435,127.531893675967,24.1678276062012,1.07820023480601,29.8150999704997,1.32461299536051,18.5217665354411,1.12315957041384,21.2731331507365,3.59092774025689,0.913233328859011,0.43345401509984
"Washington_2020_08",30.284962,-96.406236,6,101.242367170254,70.3397243385027,27.6649812698364,0.895220916719362,33.2248668034871,1.42297304769069,22.1061000823975,0.810388427173011,27.1625334421794,6.1425703887449,1.19423334002495,0.686525233679835
"Washington_2020_08",30.284962,-96.406236,7,54.0659666220347,43.8633339694661,29.1299112955729,1.00044820357714,34.9293664296468,1.58763522255252,23.3313667933146,0.722980309238457,31.9402333577474,6.48555393618349,1.34660000503063,0.758468584999124
"Washington_2020_08",30.284962,-96.406236,8,83.6282658497492,98.9786460984716,29.4277112960815,0.93996373864998,35.6492333730062,1.42244237350917,23.2071665445964,0.698732379566087,35.3528332392375,5.87169620624304,1.57633333851894,0.73725238114443
"Washington_2020_08",30.284962,-96.406236,9,96.7754674275716,70.9626973532765,26.404777654012,1.20297776370766,32.5305001576742,1.69697881515359,20.2802665074666,1.23744601937329,28.1580664316813,6.39582257706842,1.36200000246366,0.855381596483764
"Washington_2020_08",30.284962,-96.406236,10,115.693666818738,105.039694753512,21.3375507990519,1.05083063547272,27.9181334813436,1.27712231634351,14.758299891154,1.60802738688686,21.3309332529704,4.0134827378144,0.939599994321664,0.446871155912068
"Washington_2020_08",30.284962,-96.406236,11,91.279466787974,62.8637484624324,15.5474773089091,1.87238055531145,21.891366704305,2.20776431462828,9.20479996999105,1.88607138720686,13.9160666783651,3.0745335427991,0.647266663610935,0.354653096125893
"Washington_2020_08",30.284962,-96.406236,12,86.481100209554,53.7655219788527,11.4266971270243,1.47954400581758,17.5324666023254,1.70896522810366,5.32226665814718,1.82648557321072,10.2103332996368,1.91703772024105,0.583966674407323,0.219103111469929
"Williamson_2019_09",30.706792,-97.859829,1,54.8161665817102,40.9119178771504,9.22070043881734,1.76424547842872,15.5770999272664,2.2590235061896,2.8658333381017,1.65339882888932,10.514133310318,2.65815408825505,0.887266669670741,0.43993189078026
"Williamson_2019_09",30.706792,-97.859829,2,51.4789333383242,41.1097417693519,11.2615138848623,1.99694416000603,17.7353333155314,2.54919027951534,4.78890002171199,1.76634352055481,12.3036667346954,3.39675814807652,0.945933335026105,0.492954432315388
"Williamson_2019_09",30.706792,-97.859829,3,72.2260669151942,46.8084012499628,15.1914006868998,1.89898967743913,21.5899665196737,1.90528878549479,8.79416666030884,2.10598721339962,15.1056000073751,2.40583554467966,1.19293333888054,0.484572197853609
"Williamson_2019_09",30.706792,-97.859829,4,68.9787332852681,52.0191183863124,19.2274940490723,1.60073969376388,25.673433303833,1.73913773045908,12.7826333363851,1.77696117039418,19.1405666987101,3.63335699195591,1.4330666710933,0.609235863445652
"Williamson_2019_09",30.706792,-97.859829,5,108.776033210754,65.0611723919922,23.5738277435303,1.32921627392591,29.3730331420898,1.64551683361854,17.7758666038513,1.25291911865727,22.1517668088277,4.56111887029591,1.62849999765555,0.767338551111581
"Williamson_2019_09",30.706792,-97.859829,6,86.9475329081217,59.1869094327881,27.2788944880168,1.16080250779109,33.0732000986735,1.60729434408235,21.4855000178019,0.906569621809546,28.8296333312988,6.29973804623946,2.16293331682682,1.17768789639541
"Williamson_2019_09",30.706792,-97.859829,7,52.3179335276286,54.5574954563732,28.9484477996826,1.04561877141548,35.1015333175659,1.59066385209713,22.7966000239054,0.714877332989598,35.6039998372396,6.58513645298789,2.76423332691193,1.4619654478633
"Williamson_2019_09",30.706792,-97.859829,8,59.9040663289527,60.2375034887158,29.1192978541056,1.11597192459591,35.5903669993083,1.5232327827538,22.6493333180745,0.890738706924475,38.0624666849772,6.1455425667304,3.08913334210714,1.41290990349062
"Williamson_2019_09",30.706792,-97.859829,9,91.0251999060313,78.1495558102041,25.7170110066732,1.25336675024187,31.9949996312459,1.80230103916544,19.4405998865763,1.14122758673766,28.8445998509725,6.70026674847869,2.25689998976886,1.51218786494308
"Williamson_2019_09",30.706792,-97.859829,10,91.77206701835,81.3571103515021,20.3724273681641,1.00095359099788,26.9611667633057,1.39820422580778,13.7848666826884,1.49257392265782,21.0669999758403,4.098073113304,1.50806667208672,0.685426873304338
"Williamson_2019_09",30.706792,-97.859829,11,70.5187339305878,60.8108355260965,14.3754107157389,2.03803670470181,20.6770999908447,2.21171557925757,8.07509992917379,2.15077842063916,13.5765000184377,3.0989260966277,1.08396666646004,0.545411997469508
"Williamson_2019_09",30.706792,-97.859829,12,59.7441001415253,50.2025646498198,10.0183770815531,1.20917851450724,16.3385665575663,1.68227808812033,3.69936668078105,1.45864215214826,10.4900000095367,2.22935526427863,0.893533333142598,0.412163402719
"Williamson_2019_10",30.539935,-97.771213,1,58.9179008086522,42.6463854323971,9.50053386688232,1.77444897173383,15.9105001449585,2.26302599928956,3.09173336029053,1.65406591945849,10.7228332996368,2.64317590276305,0.860700006286303,0.429993435696961
"Williamson_2019_10",30.539935,-97.771213,2,48.6696667869886,42.5548805638213,11.6388838291168,1.99084493584432,18.1455668767293,2.51921667138569,5.13313335577647,1.79110376254007,12.6393333276113,3.41377659167364,0.946200004220009,0.463434661409273
"Williamson_2019_10",30.539935,-97.771213,3,71.5767008384069,38.7003359773062,15.5297639846802,1.91077489231561,22.0370332082113,1.91959621887803,9.02386666933696,2.089497010245,15.676366742452,2.48726726705186,1.17436666389306,0.457351699087294
"Williamson_2019_10",30.539935,-97.771213,4,65.0739670832952,51.2882747014324,19.471227645874,1.57696168501625,26.0330666859945,1.71352663161955,12.9105999628703,1.74347527453798,19.7143332481384,3.61876551587065,1.37633333404859,0.551742386060791
"Williamson_2019_10",30.539935,-97.771213,5,98.4693998972575,54.1688149683869,23.7981810251872,1.28042814653039,29.6708669026693,1.58122357907314,17.9266998608907,1.22484207032762,22.5370333353678,4.48512772691344,1.52713334659735,0.704873568213012
"Williamson_2019_10",30.539935,-97.771213,6,92.5198666890462,64.9333763280532,27.3440012613932,1.15284012394377,33.2128670374552,1.63348474114404,21.476166788737,0.896980316880919,29.0031668345133,6.5367539259779,1.93823333779971,1.11160559451161
"Williamson_2019_10",30.539935,-97.771213,7,53.5333999991417,50.9763922949927,28.9741644541423,1.05071822893929,35.2234667460124,1.63212767537429,22.7261666615804,0.690873882905519,35.8133331934611,6.80799129075939,2.4239000082016,1.33100255298482
"Williamson_2019_10",30.539935,-97.771213,8,58.3679666429758,70.0909481214175,29.1368310928345,1.10644575270122,35.759233601888,1.51730130333049,22.5156665166219,0.87309843354356,38.546266746521,6.1831695044146,2.70376668373744,1.28899140387983
"Williamson_2019_10",30.539935,-97.771213,9,84.8326336304347,74.3809948014634,25.7976778666178,1.24590518266037,32.2243667602539,1.79300822726448,19.3720333099365,1.21968388076437,29.4181666692098,6.82355953478087,2.02736666202545,1.31489702794974
"Williamson_2019_10",30.539935,-97.771213,10,96.3986657210936,89.9518348104951,20.5834341049194,1.02756104517508,27.3137667973836,1.38026835381311,13.8542999267578,1.53035412758569,21.7593000411987,4.13655300479374,1.39970001081626,0.61400063851969
"Williamson_2019_10",30.539935,-97.771213,11,67.251733225584,61.1567111919235,14.6053138415019,2.01486739314298,20.9555333455404,2.18767352210821,8.25630000432332,2.09484905377122,13.9387000083923,3.08532555816834,1.10509999791781,0.506720858006413
"Williamson_2019_10",30.539935,-97.771213,12,61.9505662520727,53.1985759076943,10.3496771812439,1.24270004261618,16.6668332417806,1.70666160442863,4.03396664857864,1.45934908400628,10.6504666169484,2.26041776191848,0.897999994953473,0.382486330462973
